Date,CO2
1750-01-15,277.01
1750-01-15,277.0213077679417
1750-02-15,277.0322079539083
1750-03-15,277.04270604515
1750-04-15,277.0528075289171
1750-05-15,277.0625178924599
1750-06-15,277.0718426230286
1750-07-15,277.08078720787347
1750-08-15,277.08935713424484
1750-09-15,277.0975578893928
1750-10-15,277.1053949605679
1750-11-15,277.11287383502014
1750-12-15,277.11999999999995
1751-01-15,277.1267789427575
1751-02-15,277.1332161505431
1751-03-15,277.139317110607
1751-04-15,277.14508731019953
1751-05-15,277.15053223657077
1751-06-15,277.15565737697125
1751-07-15,277.1604682186511
1751-08-15,277.1649702488605
1751-09-15,277.1691689548498
1751-10-15,277.17306982386935
1751-11-15,277.1766783431693
1751-12-15,277.17999999999995
1752-01-15,277.1830405813983
1752-02-15,277.1858070735486
1752-03-15,277.1883067624215
1752-04-15,277.1905469339882
1752-05-15,277.19253487421935
1752-06-15,277.1942778690859
1752-07-15,277.1957832045589
1752-08-15,277.19705816660905
1752-09-15,277.19811004120737
1752-10-15,277.19894611432466
1752-11-15,277.19957367193194
1752-12-15,277.2
1753-01-15,277.2002311853526
1753-02-15,277.2002685182254
1753-03-15,277.2001120897066
1753-04-15,277.1997619908846
1753-05-15,277.1992183128479
1753-06-15,277.1984811466847
1753-07-15,277.1975505834835
1753-08-15,277.1964267143327
1753-09-15,277.19510963032053
1753-10-15,277.19359942253544
1753-11-15,277.1918961820659
1753-12-15,277.1900000000001
1754-01-15,277.1879096771911
1754-02-15,277.1856188535499
1754-03-15,277.18311987875217
1754-04-15,277.18040510247334
1754-05-15,277.1774668743892
1754-06-15,277.1742975441753
1754-07-15,277.1708894615072
1754-08-15,277.16723497606057
1754-09-15,277.16332643751093
1754-10-15,277.15915619553397
1754-11-15,277.15471659980517
1754-12-15,277.1500000000002
1755-01-15,277.1450051058837
1755-02-15,277.1397560675758
1755-03-15,277.13428339528576
1755-04-15,277.12861759922276
1755-05-15,277.1227891895961
1755-06-15,277.116828676615
1755-07-15,277.1107665704886
1755-08-15,277.10463338142614
1755-09-15,277.09845961963697
1755-10-15,277.09227579533007
1755-11-15,277.08611241871483
1755-12-15,277.08000000000044
1756-01-15,277.07396226038685
1756-02-15,277.06799576503755
1756-03-15,277.0620902901067
1756-04-15,277.05623561174843
1756-05-15,277.05042150611706
1756-06-15,277.04463774936664
1756-07-15,277.0388741176515
1756-08-15,277.0331203871257
1756-09-15,277.0273663339435
1756-10-15,277.0216017342591
1756-11-15,277.0158163642267
1756-12-15,277.01000000000045
1757-01-15,277.0041458525712
1757-02-15,276.9982608722764
1757-03-15,276.9923554442899
1757-04-15,276.9864399537858
1757-05-15,276.9805247859381
1757-06-15,276.97462032592085
1757-07-15,276.968736958908
1757-08-15,276.9628850700736
1757-09-15,276.95707504459165
1757-10-15,276.95131726763606
1757-11-15,276.9456221243811
1757-12-15,276.94000000000045
1758-01-15,276.93446011636803
1758-02-15,276.92900704215606
1758-03-15,276.92364418273655
1758-04-15,276.9183749434815
1758-05-15,276.91320272976293
1758-06-15,276.9081309469527
1758-07-15,276.90316300042304
1758-08-15,276.89830229554576
1758-09-15,276.89355223769275
1758-10-15,276.8889162322363
1758-11-15,276.88439768454816
1758-12-15,276.8800000000004
1759-01-15,276.8757278023298
1759-02-15,276.87159058873175
1759-03-15,276.8675990747666
1759-04-15,276.8637639759945
1759-05-15,276.86009600797587
1759-06-15,276.85660588627076
1759-07-15,276.8533043264396
1759-08-15,276.8502020440425
1759-09-15,276.84730975463975
1759-10-15,276.8446381737916
1759-11-15,276.84219801705837
1759-12-15,276.8400000000002
1760-01-15,276.8380511280189
1760-02-15,276.83634356588215
1760-03-15,276.83486576819934
1760-04-15,276.8336061895795
1760-05-15,276.832553284632
1760-06-15,276.831695507966
1760-07-15,276.8310213141908
1760-08-15,276.83051915791566
1760-09-15,276.8301774937497
1760-10-15,276.82998477630235
1760-11-15,276.82992946018265
1760-12-15,276.83
1761-01-15,276.83018689855874
1761-02-15,276.8304888514442
1761-03-15,276.83090660243704
1761-04-15,276.83144089531794
1761-05-15,276.83209247386725
1761-06-15,276.8328620818657
1761-07-15,276.8337504630938
1761-08-15,276.8347583613322
1761-09-15,276.8358865203614
1761-10-15,276.837135683962
1761-11-15,276.8385065959146
1761-12-15,276.8399999999998
1762-01-15,276.84161794441275
1762-02-15,276.8433676950073
1762-03-15,276.8452578220519
1762-04-15,276.84729689581496
1762-05-15,276.849493486565
1762-06-15,276.85185616457045
1762-07-15,276.8543935000997
1762-08-15,276.85711406342125
1762-09-15,276.86002642480366
1762-10-15,276.8631391545151
1762-11-15,276.8664608228243
1762-12-15,276.8699999999995
1763-01-15,276.87376377749246
1763-02-15,276.8777533314879
1763-03-15,276.88196835935355
1763-04-15,276.8864085584572
1763-05-15,276.8910736261668
1763-06-15,276.89596325985025
1763-07-15,276.9010771568752
1763-08-15,276.9064150146097
1763-09-15,276.91197653042144
1763-10-15,276.9177614016784
1763-11-15,276.9237693257483
1763-12-15,276.92999999999904
1764-01-15,276.9364519456139
1764-02-15,276.94311897903754
1764-03-15,276.94999374053026
1764-04-15,276.9570688703521
1764-05-15,276.96433700876344
1764-06-15,276.97179079602415
1764-07-15,276.9794228723947
1764-08-15,276.98722587813506
1764-09-15,276.99519245350547
1764-10-15,277.00331523876605
1764-11-15,277.01158687417706
1764-12-15,277.0199999999986
1765-01-15,277.028547653009
1765-02-15,277.03722445605945
1765-03-15,277.0460254285191
1765-04-15,277.05494558975727
1765-05-15,277.0639799591431
1765-06-15,277.07312355604597
1765-07-15,277.0823713998351
1765-08-15,277.09171850987974
1765-09-15,277.1011599055491
1765-10-15,277.1106906062124
1765-11-15,277.1203056312391
1765-12-15,277.1299999999983
1766-01-15,277.1397683219711
1766-02-15,277.1496035670864
1766-03-15,277.1594982953845
1766-04-15,277.1694450669063
1766-05-15,277.1794364416921
1766-06-15,277.18946497978266
1766-07-15,277.19952324121857
1766-08-15,277.20960378604036
1766-09-15,277.2196991742886
1766-10-15,277.2298019660039
1766-11-15,277.2399047212269
1766-12-15,277.2499999999981
1767-01-15,277.26008160539243
1767-02-15,277.2701483126218
1767-03-15,277.28020013993233
1767-04-15,277.29023710557016
1767-05-15,277.3002592277815
1767-06-15,277.3102665248126
1767-07-15,277.32025901490954
1767-08-15,277.3302367163185
1767-09-15,277.34019964728566
1767-10-15,277.3501478260572
1767-11-15,277.3600812708792
1767-12-15,277.3699999999981
1768-01-15,277.3799052564478
1768-02-15,277.3898031824152
1768-03-15,277.3997011448749
1768-04-15,277.4096065108017
1768-05-15,277.4195266471703
1768-06-15,277.4294689209554
1768-07-15,277.4394406991318
1768-08-15,277.4494493486741
1768-09-15,277.45950223655717
1768-10-15,277.46960672975564
1768-11-15,277.4797701952443
1768-12-15,277.4899999999979
1769-01-15,277.5002973688044
1769-02-15,277.51063895770557
1769-03-15,277.52099528055606
1769-04-15,277.53133685121105
1769-05-15,277.5416341835252
1769-06-15,277.55185779135365
1769-07-15,277.5619781885512
1769-08-15,277.57196588897284
1769-09-15,277.58179140647337
1769-10-15,277.5914252549079
1769-11-15,277.60083794813113
1769-12-15,277.609999999998
1770-01-15,277.618887907211
1770-02-15,277.6275020978614
1770-03-15,277.6358489828884
1770-04-15,277.6439349732308
1770-05-15,277.6517664798276
1770-06-15,277.6593499136177
1770-07-15,277.66669168554006
1770-08-15,277.6737982065336
1770-09-15,277.6806758875373
1770-10-15,277.68733113949
1770-11-15,277.69377037333084
1770-12-15,277.69999999999857
1771-01-15,277.70602600234065
1771-02-15,277.71185265083784
1771-03-15,277.71748378787964
1771-04-15,277.7229232558553
1771-05-15,277.7281748971542
1771-06-15,277.7332425541656
1771-07-15,277.73813006927884
1771-08-15,277.7428412848832
1771-09-15,277.7473800433681
1771-10-15,277.75175018712287
1771-11-15,277.7559555585367
1771-12-15,277.759999999999
1772-01-15,277.76388308341825
1772-02-15,277.76758729877906
1772-03-15,277.7710908655851
1772-04-15,277.7743720033403
1772-05-15,277.77740893154834
1772-06-15,277.780179869713
1772-07-15,277.78266303733795
1772-08-15,277.7848366539271
1772-09-15,277.78667893898404
1772-10-15,277.7881681120127
1772-11-15,277.7892823925167
1772-12-15,277.78999999999985
1773-01-15,277.7903050899072
1773-02-15,277.79020556144866
1773-03-15,277.7897152497754
1773-04-15,277.78884799003856
1773-05-15,277.78761761738946
1773-06-15,277.7860379669792
1773-07-15,277.784122873959
1773-08-15,277.78188617348013
1773-09-15,277.7793417006937
1773-10-15,277.77650329075084
1773-11-15,277.7733847788029
1773-12-15,277.77000000000083
1774-01-15,277.76636067732323
1774-02-15,277.7624700850565
1774-03-15,277.7583293853145
1774-04-15,277.7539397402106
1774-05-15,277.74930231185886
1774-06-15,277.7444182623727
1774-07-15,277.7392887538659
1774-08-15,277.7339149484522
1774-09-15,277.72829800824525
1774-10-15,277.7224390953587
1774-11-15,277.7163393719063
1774-12-15,277.71000000000174
1775-01-15,277.70341886747207
1775-02-15,277.696580764998
1775-03-15,277.68946720897344
1775-04-15,277.6820597157926
1775-05-15,277.6743398018495
1775-06-15,277.6662889835381
1775-07-15,277.6578887772525
1775-08-15,277.64912069938674
1775-09-15,277.6399662663348
1775-10-15,277.63040699449095
1775-11-15,277.6204244002489
1775-12-15,277.610000000003
1776-01-15,277.59912473242946
1776-02-15,277.58782722533385
1776-03-15,277.57614552880415
1776-04-15,277.5641176929282
1776-05-15,277.5517817677939
1776-06-15,277.5391758034891
1776-07-15,277.52633785010187
1776-08-15,277.5133059577199
1776-09-15,277.50011817643133
1776-10-15,277.48681255632386
1776-11-15,277.4734271474854
1776-12-15,277.4600000000039
1777-01-15,277.44655789727284
1777-02-15,277.43308255590773
1777-03-15,277.4195444258295
1777-04-15,277.40591395695924
1777-05-15,277.3921615992179
1777-06-15,277.3782578025265
1777-07-15,277.36417301680615
1777-08-15,277.3498776919778
1777-09-15,277.33534227796247
1777-10-15,277.3205372246811
1777-11-15,277.3054329820549
1777-12-15,277.2900000000048
1778-01-15,277.2742154377621
1778-02-15,277.2580832918002
1778-03-15,277.2416142679025
1778-04-15,277.22481907185266
1778-05-15,277.2077084094342
1778-06-15,277.19029298643073
1778-07-15,277.17258350862596
1778-08-15,277.15459068180326
1778-09-15,277.13632521174634
1778-10-15,277.11779780423876
1778-11-15,277.0990191650642
1778-12-15,277.08000000000607
1779-01-15,277.0607585924489
1779-02-15,277.041343536181
1779-03-15,277.0218110025913
1779-04-15,277.002217163069
1779-05-15,276.9826181890031
1779-06-15,276.9630702517827
1779-07-15,276.94362952279704
1779-08-15,276.92435217343495
1779-09-15,276.9052943750858
1779-10-15,276.8865122991385
1779-11-15,276.8680621169821
1779-12-15,276.8500000000058
1780-01-15,276.83237982210693
1780-02-15,276.8152462672149
1780-03-15,276.79864172176775
1780-04-15,276.7826085722033
1780-05-15,276.7671892049593
1780-06-15,276.7524260064737
1780-07-15,276.73836136318414
1780-08-15,276.72503766152863
1780-09-15,276.712497287945
1780-10-15,276.70078262887097
1780-11-15,276.68993607074447
1780-12-15,276.6800000000032
1781-01-15,276.6710068413777
1781-02-15,276.66294917276826
1781-03-15,276.6558096103678
1781-04-15,276.6495707703692
1781-05-15,276.6442152689656
1781-06-15,276.63972572234957
1781-07-15,276.63608474671435
1781-08-15,276.6332749582526
1781-09-15,276.63127897315735
1781-10-15,276.6300794076215
1781-11-15,276.6296588778381
1781-12-15,276.6299999999997
1782-01-15,276.63108702536215
1782-02-15,276.632910745431
1782-03-15,276.6354635867746
1782-04-15,276.63873797596113
1782-05-15,276.6427263395591
1782-06-15,276.6474211041365
1782-07-15,276.6528146962619
1782-08-15,276.6588995425033
1782-09-15,276.66566806942933
1782-10-15,276.673112703608
1782-11-15,276.68122587160764
1782-12-15,276.6899999999967
1783-01-15,276.69942514976356
1783-02-15,276.70948191957746
1783-03-15,276.72014854252797
1783-04-15,276.73140325170453
1783-05-15,276.74322428019667
1783-06-15,276.75558986109377
1783-07-15,276.76847822748556
1783-08-15,276.7818676124613
1783-09-15,276.7957362491105
1783-10-15,276.8100623705228
1783-11-15,276.82482420978755
1783-12-15,276.8399999999943
1784-01-15,276.85557580148907
1784-02-15,276.87156898364464
1784-03-15,276.88800474309033
1784-04-15,276.90490827645533
1784-05-15,276.9223047803691
1784-06-15,276.94021945146096
1784-07-15,276.95867748636
1784-08-15,276.9777040816957
1784-09-15,276.9973244340975
1784-10-15,277.01756374019453
1784-11-15,277.0384471966161
1784-12-15,277.05999999999165
1785-01-15,277.0822357646147
1785-02-15,277.1051217754366
1785-03-15,277.12861373507263
1785-04-15,277.15266734613834
1785-05-15,277.1772383112492
1785-06-15,277.2022823330207
1785-07-15,277.2277551140683
1785-08-15,277.25361235700746
1785-09-15,277.2798097644537
1785-10-15,277.30630303902245
1785-11-15,277.3330478833292
1785-12-15,277.35999999998944
1786-01-15,277.3871246585193
1786-02-15,277.414425396038
1786-03-15,277.4419153165654
1786-04-15,277.4696075241215
1786-05-15,277.49751512272604
1786-06-15,277.52565121639896
1786-07-15,277.5540289091603
1786-08-15,277.5826613050298
1786-09-15,277.6115615080274
1786-10-15,277.64074262217304
1786-11-15,277.6702177514866
1786-12-15,277.6999999999879
1787-01-15,277.73009893457777
1787-02-15,277.7605099736803
1787-03-15,277.7912249986004
1787-04-15,277.8222358906429
1787-05-15,277.85353453111304
1787-06-15,277.8851128013155
1787-07-15,277.9169625825552
1787-08-15,277.9490757561372
1787-09-15,277.98144420336627
1787-10-15,278.01405980554756
1787-11-15,278.04691444398594
1787-12-15,278.0799999999862
1788-01-15,278.1133071493923
1788-02-15,278.14682174620344
1788-03-15,278.1805284389578
1788-04-15,278.21441187619354
1788-05-15,278.24845670644874
1788-06-15,278.28264757826156
1788-07-15,278.3169691401702
1788-08-15,278.35140604071273
1788-09-15,278.3859429284274
1788-10-15,278.4205644518523
1788-11-15,278.45525525952553
1788-12-15,278.48999999998523
1789-01-15,278.5247858936962
1789-02-15,278.55961044882997
1789-03-15,278.59447374548444
1789-04-15,278.6293758637577
1789-05-15,278.66431688374763
1789-06-15,278.69929688555266
1789-07-15,278.7343159492704
1789-08-15,278.7693741549992
1789-09-15,278.8044715828369
1789-10-15,278.83960831288175
1789-11-15,278.8747844252316
1789-12-15,278.9099999999847
1790-01-15,278.94525182203034
1790-02-15,278.9805234954248
1790-03-15,279.01579532901525
1790-04-15,279.05104763164934
1790-05-15,279.08626071217435
1790-06-15,279.12141487943785
1790-07-15,279.15649044228735
1790-08-15,279.1914677095702
1790-09-15,279.2263269901339
1790-10-15,279.2610485928259
1790-11-15,279.2956128264936
1790-12-15,279.32999999998464
1791-01-15,279.36419524401634
1791-02-15,279.39820297678637
1791-03-15,279.43203243836246
1791-04-15,279.46569286881225
1791-05-15,279.4991935082034
1791-06-15,279.5325435966036
1791-07-15,279.56575237408055
1791-08-15,279.598829080702
1791-09-15,279.63178295653535
1791-10-15,279.6646232416486
1791-11-15,279.69735917610933
1791-12-15,279.729999999985
1792-01-15,279.76255053514603
1792-02-15,279.7949979306717
1792-03-15,279.8273249174437
1792-04-15,279.8595142263441
1792-05-15,279.89154858825464
1792-06-15,279.9234107340571
1792-07-15,279.95508339463345
1792-08-15,279.9865493008653
1792-09-15,280.01779118363464
1792-10-15,280.04879177382327
1792-11-15,280.0795338023131
1792-12-15,280.1099999999858
1793-01-15,280.14017437456965
1793-02-15,280.170046041179
1793-03-15,280.1996053917741
1793-04-15,280.22884281831574
1793-05-15,280.2577487127644
1793-06-15,280.28631346708056
1793-07-15,280.31452747322476
1793-08-15,280.34238112315774
1793-09-15,280.36986480883996
1793-10-15,280.39696892223196
1793-11-15,280.42368385529426
1793-12-15,280.4499999999874
1794-01-15,280.475912846121
1794-02-15,280.50143827489967
1794-03-15,280.5265972653773
1794-04-15,280.55141079660734
1794-05-15,280.5758998476438
1794-06-15,280.60008539754045
1794-07-15,280.6239884253507
1794-08-15,280.6476299101285
1794-09-15,280.67103083092746
1794-10-15,280.6942121668014
1794-11-15,280.71719489680396
1794-12-15,280.73999999998887
1795-01-15,280.7626557223531
1795-02-15,280.7852193776669
1795-03-15,280.80775554664365
1795-04-15,280.83032880999684
1795-05-15,280.85300374843985
1795-06-15,280.8758449426862
1795-07-15,280.89891697344933
1795-08-15,280.9222844214426
1795-09-15,280.94601186737964
1795-10-15,280.97016389197375
1795-11-15,280.9948050759385
1795-12-15,281.01999999998714
1796-01-15,281.0457964403225
1796-02-15,281.07217495510343
1796-03-15,281.0990992979779
1796-04-15,281.1265332225939
1796-05-15,281.1544404825997
1796-06-15,281.18278483164306
1796-07-15,281.2115300233722
1796-08-15,281.2406398114351
1796-09-15,281.2700779494797
1796-10-15,281.29980819115406
1796-11-15,281.32979429010635
1796-12-15,281.35999999998444
1797-01-15,281.39039115516647
1797-02-15,281.42094191295007
1797-03-15,281.4516285113631
1797-04-15,281.4824271884333
1797-05-15,281.51331418218837
1797-06-15,281.54426573065615
1797-07-15,281.57525807186437
1797-08-15,281.60626744384086
1797-09-15,281.6372700846133
1797-10-15,281.6682422322094
1797-11-15,281.699160124657
1797-12-15,281.7299999999839
1798-01-15,281.7607350037348
1798-02-15,281.79132591152256
1798-03-15,281.8217304064769
1798-04-15,281.85190617172776
1798-05-15,281.8818108904049
1798-06-15,281.9114022456381
1798-07-15,281.94063792055726
1798-08-15,281.9694755982922
1798-09-15,281.9978729619728
1798-10-15,282.02578769472865
1798-11-15,282.05317747968974
1798-12-15,282.07999999998583
1799-01-15,282.1062174409117
1799-02-15,282.1318099964221
1799-03-15,282.1567623626365
1799-04-15,282.18105923567475
1799-05-15,282.2046853116563
1799-06-15,282.22762528670074
1799-07-15,282.2498638569279
1799-08-15,282.27138571845734
1799-09-15,282.2921755674086
1799-10-15,282.31221809990143
1799-11-15,282.3314980120554
1799-12-15,282.34999999999013
1800-01-15,282.36771699179656
1800-02-15,282.38467484345057
1800-03-15,282.4009076428995
1800-04-15,282.4164494780902
1800-05-15,282.4313344369703
1800-06-15,282.4455966074867
1800-07-15,282.4592700775868
1800-08-15,282.47238893521774
1800-09-15,282.48498726832673
1800-10-15,282.4970991648609
1800-11-15,282.50875871276753
1800-12-15,282.51999999999384
1801-01-15,282.5308486196222
1801-02-15,282.5412961852756
1801-03-15,282.55132581571235
1801-04-15,282.56092062969054
1801-05-15,282.57006374596864
1801-06-15,282.5787382833045
1801-07-15,282.58692736045657
1801-08-15,282.59461409618314
1801-09-15,282.6017816092422
1801-10-15,282.608413018392
1801-11-15,282.61449144239094
1801-12-15,282.61999999999705
1802-01-15,282.62493019634553
1802-02-15,282.6293070820794
1802-03-15,282.6331640942185
1802-04-15,282.63653466978286
1802-05-15,282.6394522457924
1802-06-15,282.6419502592671
1802-07-15,282.6440621472269
1802-08-15,282.6458213466916
1802-09-15,282.64726129468136
1802-10-15,282.64841542821597
1802-11-15,282.6493171843154
1802-12-15,282.64999999999964
1803-01-15,282.6504896227567
1803-02-15,282.6507810419472
1803-03-15,282.6508615573999
1803-04-15,282.6507184689433
1803-05-15,282.6503390764063
1803-06-15,282.6497106796174
1803-07-15,282.6488205784053
1803-08-15,282.6476560725987
1803-09-15,282.6462044620264
1803-10-15,282.64445304651696
1803-11-15,282.6423891258991
1803-12-15,282.6400000000015
1804-01-15,282.63727797929226
1804-02-15,282.6342354167973
1804-03-15,282.6308896761819
1804-04-15,282.62725812111137
1804-05-15,282.6233581152511
1804-06-15,282.6192070222664
1804-07-15,282.6148222058225
1804-08-15,282.6102210295849
1804-09-15,282.6054208572188
1804-10-15,282.6004390523896
1804-11-15,282.5952929787627
1804-12-15,282.5900000000032
1805-01-15,282.58457670082475
1805-02-15,282.57903655013365
1805-03-15,282.5733922378843
1805-04-15,282.5676564540312
1805-05-15,282.56184188852865
1805-06-15,282.5559612313313
1805-07-15,282.55002717239347
1805-08-15,282.54405240166966
1805-09-15,282.53804960911435
1805-10-15,282.5320314846819
1805-11-15,282.5260107183269
1805-12-15,282.5200000000036
1806-01-15,282.5140101248345
1806-02-15,282.5080443086129
1806-03-15,282.50210387230027
1806-04-15,282.4961901368579
1806-05-15,282.490304423247
1806-06-15,282.4844480524289
1806-07-15,282.47862234536495
1806-08-15,282.4728286230165
1806-09-15,282.4670682063448
1806-10-15,282.4613424163112
1806-11-15,282.455652573877
1806-12-15,282.4500000000035
1807-01-15,282.44438858689557
1807-02-15,282.4388325117322
1807-03-15,282.43334852293583
1807-04-15,282.4279533689291
1807-05-15,282.42266379813435
1807-06-15,282.4174965589744
1807-07-15,282.41246839987156
1807-08-15,282.4075960692483
1807-09-15,282.4028963155273
1807-10-15,282.3983858871309
1807-11-15,282.39408153248183
1807-12-15,282.3900000000025
1808-01-15,282.3861554350105
1808-02-15,282.38255157040385
1808-03-15,282.3791895359756
1808-04-15,282.37607046151874
1808-05-15,282.3731954768263
1808-06-15,282.3705657116915
1808-07-15,282.36818229590716
1808-08-15,282.3660463592665
1808-09-15,282.36415903156245
1808-10-15,282.3625214425881
1808-11-15,282.36113472213646
1808-12-15,282.3600000000007
1809-01-15,282.35912046011276
1809-02-15,282.3585075029612
1809-03-15,282.3581745831735
1809-04-15,282.3581351553771
1809-05-15,282.35840267419974
1809-06-15,282.3589905942687
1809-07-15,282.35991237021165
1809-08-15,282.36118145665597
1809-09-15,282.36281130822925
1809-10-15,282.36481537955905
1809-11-15,282.3672071252728
1809-12-15,282.369999999998
1810-01-15,282.37320184491097
1810-02-15,282.37679804738195
1810-03-15,282.38076838133026
1810-04-15,282.3850926206749
1810-05-15,282.3897505393351
1810-06-15,282.3947219112299
1810-07-15,282.39998651027844
1810-08-15,282.40552411039977
1810-09-15,282.41131448551306
1810-10-15,282.41733740953737
1810-11-15,282.42357265639185
1810-12-15,282.42999999999563
1811-01-15,282.43659646578624
1811-02-15,282.44332808527463
1811-03-15,282.45015814149
1811-04-15,282.45704991746203
1811-05-15,282.4639666962199
1811-06-15,282.470871760793
1811-07-15,282.47772839421066
1811-08-15,282.48449987950227
1811-09-15,282.4911494996973
1811-10-15,282.49764053782496
1811-11-15,282.5039362769148
1811-12-15,282.509999999996
1812-01-15,282.5157942363648
1812-02-15,282.5212785003845
1812-03-15,282.5264115526851
1812-04-15,282.5311521538968
1812-05-15,282.53545906464973
1812-06-15,282.5392910455738
1812-07-15,282.54260685729935
1812-08-15,282.54536526045626
1812-09-15,282.54752501567475
1812-10-15,282.54904488358477
1812-11-15,282.5498836248166
1812-12-15,282.5500000000002
1813-01-15,282.5493585331801
1813-02-15,282.5479468020589
1813-03-15,282.54575814775336
1813-04-15,282.5427859113805
1813-05-15,282.5390234340573
1813-06-15,282.5344640569007
1813-07-15,282.5291011210275
1813-08-15,282.5229279675548
1813-09-15,282.5159379375994
1813-10-15,282.5081243722784
1813-11-15,282.49948061270857
1813-12-15,282.49000000000694
1814-01-15,282.4796825105509
1814-02-15,282.46855466176
1814-03-15,282.4566496063139
1814-04-15,282.4440004968927
1814-05-15,282.43064048617646
1814-06-15,282.4166027268449
1814-07-15,282.4019203715781
1814-08-15,282.38662657305593
1814-09-15,282.37075448395836
1814-10-15,282.3543372569653
1814-11-15,282.3374080447567
1814-12-15,282.3200000000125
1815-01-15,282.30214869317837
1815-02-15,282.2838993657629
1815-03-15,282.2652996770407
1815-04-15,282.2463972862861
1815-05-15,282.22723985277344
1815-06-15,282.20787503577736
1815-07-15,282.18835049457203
1815-08-15,282.16871388843214
1815-09-15,282.14901287663196
1815-10-15,282.1292951184459
1815-11-15,282.10960827314847
1815-12-15,282.090000000014
1816-01-15,282.0705132260677
1816-02-15,282.0511719493367
1816-03-15,282.031995435599
1816-04-15,282.0130029506325
1816-05-15,281.99421376021513
1816-06-15,281.97564713012474
1816-07-15,281.95732232613926
1816-08-15,281.9392586140366
1816-09-15,281.9214752595946
1816-10-15,281.9039915285913
1816-11-15,281.8868266868045
1816-12-15,281.87000000001217
1817-01-15,281.85352988411296
1817-02-15,281.837431355489
1817-03-15,281.82171858064305
1817-04-15,281.80640572607797
1817-05-15,281.79150695829657
1817-06-15,281.77703644380165
1817-07-15,281.76300834909614
1817-08-15,281.7494368406828
1817-09-15,281.7363360850646
1817-10-15,281.72372024874414
1817-11-15,281.71160349822446
1817-12-15,281.7000000000084
1818-01-15,281.68892047829075
1818-02-15,281.67836188803466
1818-03-15,281.6683177418954
1818-04-15,281.658781552528
1818-05-15,281.64974683258794
1818-06-15,281.6412070947302
1818-07-15,281.63315585160996
1818-08-15,281.6255866158825
1818-09-15,281.6184929002031
1818-10-15,281.6118682172267
1818-11-15,281.60570607960864
1818-12-15,281.6000000000042
1819-01-15,281.5947465361052
1819-02-15,281.5899544257514
1819-03-15,281.5856354518191
1819-04-15,281.5818013971847
1819-05-15,281.57846404472446
1819-06-15,281.57563517731495
1819-07-15,281.57332657783246
1819-08-15,281.5715500291534
1819-09-15,281.5703173141542
1819-10-15,281.5696402157112
1819-11-15,281.56953051670087
1819-12-15,281.56999999999937
1820-01-15,281.57105749768095
1820-02-15,281.5727000386093
1820-03-15,281.574921700846
1820-04-15,281.5777165624525
1820-05-15,281.5810787014903
1820-06-15,281.58500219602087
1820-07-15,281.5894811241056
1820-08-15,281.59450956380607
1820-09-15,281.60008159318375
1820-10-15,281.60619129029993
1820-11-15,281.6128327332163
1820-12-15,281.61999999999426
1821-01-15,281.62769013983126
1821-02-15,281.63591208646903
1821-03-15,281.64467774478527
1821-04-15,281.65399901965776
1821-05-15,281.66388781596413
1821-06-15,281.6743560385822
1821-07-15,281.68541559238963
1821-08-15,281.69707838226424
1821-09-15,281.7093563130838
1821-10-15,281.72226128972585
1821-11-15,281.73580521706816
1821-12-15,281.7499999999886
1822-01-15,281.7648543966601
1822-02-15,281.7803645784373
1822-03-15,281.7965235699699
1822-04-15,281.81332439590784
1822-05-15,281.830760080901
1822-06-15,281.84882364959896
1822-07-15,281.8675081266518
1822-08-15,281.88680653670934
1822-09-15,281.90671190442123
1822-10-15,281.92721725443755
1822-11-15,281.9483156114081
1822-12-15,281.9699999999825
1823-01-15,281.9922672734563
1823-02-15,282.0151295997068
1823-03-15,282.0386029752571
1823-04-15,282.06270339662984
1823-05-15,282.08744686034817
1823-06-15,282.1128493629348
1823-07-15,282.13892690091285
1823-08-15,282.16569547080525
1823-09-15,282.19317106913473
1823-10-15,282.22136969242433
1823-11-15,282.250307337197
1823-12-15,282.27999999997576
1824-01-15,282.31045729644285
1824-02-15,282.34166331891964
1824-03-15,282.3735957788867
1824-04-15,282.40623238782473
1824-05-15,282.43955085721456
1824-06-15,282.4735288985367
1824-07-15,282.508144223272
1824-08-15,282.54337454290106
1824-09-15,282.57919756890465
1824-10-15,282.61559101276333
1824-11-15,282.6525325859579
1824-12-15,282.68999999996913
1825-01-15,282.7279695128454
1825-02-15,282.76641156890656
1825-03-15,282.80529515904027
1825-04-15,282.84458927413414
1825-05-15,282.88426290507584
1825-06-15,282.92428504275284
1825-07-15,282.9646246780529
1825-08-15,283.0052508018636
1825-09-15,283.0461324050726
1825-10-15,283.08723847856754
1825-11-15,283.128538013236
1825-12-15,283.16999999996557
1826-01-15,283.21158247606485
1826-02-15,283.2531996645263
1826-03-15,283.294754834763
1826-04-15,283.3361512561884
1826-05-15,283.3772921982155
1826-06-15,283.4180809302577
1826-07-15,283.45842072172826
1826-08-15,283.4982148420404
1826-09-15,283.5373665606073
1826-10-15,283.5757791468423
1826-11-15,283.61335587015867
1826-12-15,283.6499999999696
1827-01-15,283.6856369252886
1827-02-15,283.72028051353016
1827-03-15,283.75396675170936
1827-04-15,283.7867316268411
1827-05-15,283.8186111259402
1827-06-15,283.8496412360218
1827-07-15,283.8798579441006
1827-08-15,283.90929723719177
1827-09-15,283.9379951023101
1827-10-15,283.9659875264705
1827-11-15,283.993310496688
1827-12-15,284.01999999997753
1828-01-15,284.04608394297634
1828-02-15,284.0715579108114
1828-03-15,284.0964094082319
1828-04-15,284.1206259399871
1828-05-15,284.14419501082614
1828-06-15,284.16710412549827
1828-07-15,284.18934078875293
1828-08-15,284.2108925053391
1828-09-15,284.23174678000606
1828-10-15,284.251891117503
1828-11-15,284.27131302257936
1828-12-15,284.2899999999842
1829-01-15,284.30794396933993
1829-02-15,284.32515450976155
1829-03-15,284.3416456152372
1829-04-15,284.3574312797549
1829-05-15,284.37252549730295
1829-06-15,284.3869422618694
1829-07-15,284.4006955674425
1829-08-15,284.41379940801016
1829-09-15,284.4262677775607
1829-10-15,284.4381146700823
1829-11-15,284.449354079563
1829-12-15,284.45999999999094
1830-01-15,284.4700626332763
1830-02-15,284.4795370130176
1830-03-15,284.4884143807352
1830-04-15,284.49668597794937
1830-05-15,284.5043430461808
1830-06-15,284.5113768269498
1830-07-15,284.51777856177694
1830-08-15,284.52353949218235
1830-09-15,284.52865085968676
1830-10-15,284.53310390581044
1830-11-15,284.5368898720739
1830-12-15,284.5399999999976
1831-01-15,284.54243049750346
1831-02-15,284.5441974381201
1831-03-15,284.54532186177755
1831-04-15,284.545824808406
1831-05-15,284.5457273179354
1831-06-15,284.5450504302962
1831-07-15,284.5438151854183
1831-08-15,284.5420426232319
1831-09-15,284.53975378366704
1831-10-15,284.53696970665396
1831-11-15,284.5337114321228
1831-12-15,284.5300000000035
1832-01-15,284.52585195077194
1832-02-15,284.521265827086
1832-03-15,284.51623567214915
1832-04-15,284.51075552916507
1832-05-15,284.5048194413371
1832-06-15,284.4984214518688
1832-07-15,284.4915556039637
1832-08-15,284.4842159408252
1832-09-15,284.476396505657
1832-10-15,284.4680913416625
1832-11-15,284.45929449204516
1832-12-15,284.45000000000863
1833-01-15,284.4402033660984
1833-02-15,284.4299059202281
1833-03-15,284.41911044965383
1833-04-15,284.4078197416312
1833-05-15,284.3960365834163
1833-06-15,284.3837637622647
1833-07-15,284.37100406543243
1833-08-15,284.35776028017517
1833-09-15,284.34403519374894
1833-10-15,284.3298315934094
1833-11-15,284.31515226641255
1833-12-15,284.30000000001417
1834-01-15,284.2843820385932
1834-02-15,284.2683234550219
1834-03-15,284.2518537792957
1834-04-15,284.23500254140976
1834-05-15,284.21779927135947
1834-06-15,284.20027349914034
1834-07-15,284.18245475474754
1834-08-15,284.16437256817653
1834-09-15,284.1460564694227
1834-10-15,284.1275359884813
1834-11-15,284.1088406553478
1834-12-15,284.0900000000175
1835-01-15,284.0710358407248
1835-02-15,284.05193914866015
1835-03-15,284.0326931832529
1835-04-15,284.0132812039323
1835-05-15,283.993686470128
1835-06-15,283.9738922412693
1835-07-15,283.95388177678547
1835-08-15,283.9336383361061
1835-09-15,283.91314517866056
1835-10-15,283.892385563878
1835-11-15,283.8713427511882
1835-12-15,283.8500000000202
1836-01-15,283.82834959861316
1836-02-15,283.80641995044454
1836-03-15,283.7842484878013
1836-04-15,283.76187264297045
1836-05-15,283.73932984823927
1836-06-15,283.7166575358946
1836-07-15,283.69389313822376
1836-08-15,283.67107408751355
1836-09-15,283.64823781605116
1836-10-15,283.6254217561236
1836-11-15,283.60266334001807
1836-12-15,283.58000000002147
1837-01-15,283.55746391309157
1837-02-15,283.53506623486913
1837-03-15,283.5128128656652
1837-04-15,283.49070970579106
1837-05-15,283.468762655558
1837-06-15,283.4469776152772
1837-07-15,283.4253604852599
1837-08-15,283.40391716581735
1837-09-15,283.3826535572609
1837-10-15,283.36157555990167
1837-11-15,283.34068907405083
1837-12-15,283.3200000000198
1838-01-15,283.2995146565532
1838-02-15,283.27924103613
1838-03-15,283.25918754966256
1838-04-15,283.2393626080634
1838-05-15,283.21977462224487
1838-06-15,283.2004320031195
1838-07-15,283.1813431615995
1838-08-15,283.1625165085975
1838-09-15,283.14396045502576
1838-10-15,283.12568341179684
1838-11-15,283.1076937898231
1838-12-15,283.09000000001697
1839-01-15,283.0726082478491
1839-02-15,283.0555159170225
1839-03-15,283.03871818579853
1839-04-15,283.02221023243845
1839-05-15,283.0059872352037
1839-06-15,282.9900443723553
1839-07-15,282.97437682215485
1839-08-15,282.95897976286335
1839-09-15,282.9438483727422
1839-10-15,282.9289778300528
1839-11-15,282.91436331305624
1839-12-15,282.90000000001396
1840-01-15,282.885885685484
1840-02-15,282.8720286292121
1840-03-15,282.85843970724045
1840-04-15,282.84512979561157
1840-05-15,282.8321097703678
1840-06-15,282.8193905075518
1840-07-15,282.8069828832057
1840-08-15,282.79489777337204
1840-09-15,282.7831460540934
1840-10-15,282.77173860141187
1840-11-15,282.76068629137006
1840-12-15,282.7500000000104
1841-01-15,282.7396939177038
1841-02-15,282.7297954921352
1841-03-15,282.72033548531806
1841-04-15,282.71134465926593
1841-05-15,282.70285377599214
1841-06-15,282.69489359751026
1841-07-15,282.68749488583376
1841-08-15,282.6806884029762
1841-09-15,282.67450491095093
1841-10-15,282.66897517177136
1841-11-15,282.6641299474512
1841-12-15,282.66000000000383
1842-01-15,282.65661757894287
1842-02-15,282.6540208837829
1842-03-15,282.6522496015387
1842-04-15,282.65134341922516
1842-05-15,282.65134202385696
1842-06-15,282.6522851024489
1842-07-15,282.65421234201585
1842-08-15,282.6571634295724
1842-09-15,282.66117805213355
1842-10-15,282.66629589671396
1842-11-15,282.6725566503285
1842-12-15,282.6799999999918
1843-01-15,282.6886621554265
1843-02-15,282.6985654171856
1843-03-15,282.7097286085298
1843-04-15,282.72217055271983
1843-05-15,282.7359100730163
1843-06-15,282.7509659926801
1843-07-15,282.76735713497186
1843-08-15,282.78510232315233
1843-09-15,282.80422038048215
1843-10-15,282.8247301302222
1843-11-15,282.84665039563293
1843-12-15,282.86999999997533
1844-01-15,282.89478704003096
1844-02-15,282.9209767066658
1844-03-15,282.9485234642665
1844-04-15,282.97738177721993
1844-05-15,283.0075061099129
1844-06-15,283.0388509267322
1844-07-15,283.0713706920646
1844-08-15,283.1050198702968
1844-09-15,283.1397529258157
1844-10-15,283.17552432300806
1844-11-15,283.2122885262607
1844-12-15,283.2499999999604
1845-01-15,283.288613295406
1845-02-15,283.32808331154416
1845-03-15,283.36836503423376
1845-04-15,283.4094134493335
1845-05-15,283.45118354270227
1845-06-15,283.49363030019873
1845-07-15,283.5367087076818
1845-08-15,283.5803737510101
1845-09-15,283.62458041604253
1845-10-15,283.6692836886378
1845-11-15,283.7144385546547
1845-12-15,283.7599999999521
1846-01-15,283.80591602810847
1846-02-15,283.85210671358226
1846-03-15,283.89848514855146
1846-04-15,283.94496442519426
1846-05-15,283.9914576356885
1846-06-15,284.03787787221256
1846-07-15,284.08413822694445
1846-08-15,284.1301517920621
1846-09-15,284.17583165974384
1846-10-15,284.22109092216755
1846-11-15,284.2658426715115
1846-12-15,284.30999999995356
1847-01-15,284.3534922678064
1847-02-15,284.3963139079199
1847-03-15,284.43847562127837
1847-04-15,284.4799881088664
1847-05-15,284.52086207166826
1847-06-15,284.5611082106685
1847-07-15,284.6007372268514
1847-08-15,284.63975982120144
1847-09-15,284.67818669470296
1847-10-15,284.7160285483405
1847-11-15,284.75329608309846
1847-12-15,284.7899999999611
1848-01-15,284.8261449929888
1848-02-15,284.86171172854563
1848-03-15,284.8966748660713
1848-04-15,284.9310090650057
1848-05-15,284.9646889847885
1848-06-15,284.99768928485963
1848-07-15,285.0299846246588
1848-08-15,285.06154966362595
1848-09-15,285.0923590612008
1848-10-15,285.1223874768232
1848-11-15,285.15160956993293
1848-12-15,285.1799999999698
1849-01-15,285.20753539889864
1849-02-15,285.2342002887841
1849-03-15,285.25998116421584
1849-04-15,285.2848645197836
1849-05-15,285.308836850077
1849-06-15,285.3318846496857
1849-07-15,285.3539944131995
1849-08-15,285.3751526352078
1849-09-15,285.3953458103006
1849-10-15,285.4145604330674
1849-11-15,285.43278299809793
1849-12-15,285.4499999999818
1850-01-15,285.4662018371698
1850-02-15,285.48139452355804
1850-03-15,285.4955879769033
1850-04-15,285.50879211496283
1850-05-15,285.5210168554935
1850-06-15,285.53227211625244
1850-07-15,285.5425678149967
1850-08-15,285.5519138694833
1850-09-15,285.5603201974693
1850-10-15,285.56779671671177
1850-11-15,285.57435334496773
1850-12-15,285.57999999999424
1851-01-15,285.58475215972663
1851-02-15,285.58864754281313
1851-03-15,285.5917294280803
1851-04-15,285.5940410943548
1851-05-15,285.59562582046317
1851-06-15,285.5965268852321
1851-07-15,285.5967875674879
1851-08-15,285.59645114605735
1851-09-15,285.595560899767
1851-10-15,285.59416010744343
1851-11-15,285.5922920479131
1851-12-15,285.5900000000027
1852-01-15,285.5873184590758
1852-02-15,285.58424678664306
1852-03-15,285.5807755607524
1852-04-15,285.57689535945156
1852-05-15,285.5725967607883
1852-06-15,285.56787034281035
1852-07-15,285.56270668356547
1852-08-15,285.5570963611014
1852-09-15,285.55102995346596
1852-10-15,285.5444980387069
1852-11-15,285.53749119487185
1852-12-15,285.53000000000867
1853-01-15,285.5220156706542
1853-02-15,285.5135319773018
1853-03-15,285.5045433289337
1853-04-15,285.49504413453246
1853-05-15,285.48502880308047
1853-06-15,285.47449174356007
1853-07-15,285.46342736495365
1853-08-15,285.45183007624365
1853-09-15,285.4396942864125
1853-10-15,285.4270144044425
1853-11-15,285.4137848393162
1853-12-15,285.40000000001595
1854-01-15,285.38566631206777
1854-02-15,285.3708382671728
1854-03-15,285.35558237357594
1854-04-15,285.33996513952195
1854-05-15,285.32405307325575
1854-06-15,285.30791268302215
1854-07-15,285.2916104770661
1854-08-15,285.2752129636324
1854-09-15,285.2587866509659
1854-10-15,285.2423980473115
1854-11-15,285.226113660914
1854-12-15,285.21000000001834
1855-01-15,285.19411537746447
1855-02-15,285.1784853244733
1855-03-15,285.1631271768607
1855-04-15,285.1480582704426
1855-05-15,285.1332959410351
1855-06-15,285.1188575244538
1855-07-15,285.10476035651504
1855-08-15,285.0910217730344
1855-09-15,285.07765910982806
1855-10-15,285.0646897027119
1855-11-15,285.05213088750185
1855-12-15,285.04000000001383
1856-01-15,285.0283177800282
1856-02-15,285.017118583183
1856-03-15,285.00644016908075
1856-04-15,284.9963202973239
1856-05-15,284.98679672751507
1856-06-15,284.97790721925656
1856-07-15,284.96968953215105
1856-08-15,284.96218142580096
1856-09-15,284.95542065980874
1856-10-15,284.9494449937769
1856-11-15,284.944292187308
1856-12-15,284.9400000000045
1857-01-15,284.9365949839789
1857-02-15,284.93405886138436
1857-03-15,284.93236214688363
1857-04-15,284.9314753551398
1857-05-15,284.9313690008159
1857-06-15,284.93201359857477
1857-07-15,284.93337966307945
1857-08-15,284.935437708993
1857-09-15,284.93815825097823
1857-10-15,284.9415118036982
1857-11-15,284.94546888181594
1857-12-15,284.94999999999436
1858-01-15,284.95507080259534
1858-02-15,284.9606274527768
1858-03-15,284.9666112433954
1858-04-15,284.97296346730786
1858-05-15,284.9796254173708
1858-06-15,284.98653838644105
1858-07-15,284.9936436673753
1858-08-15,285.0008825530303
1858-09-15,285.0081963362627
1858-10-15,285.01552630992916
1858-11-15,285.0228137668866
1858-12-15,285.0299999999915
1859-01-15,285.03703962968365
1859-02-15,285.0439405867346
1859-03-15,285.050724129499
1859-04-15,285.05741151633134
1859-05-15,285.06402400558636
1859-06-15,285.07058285561857
1859-07-15,285.0771093247827
1859-08-15,285.0836246714332
1859-09-15,285.09015015392475
1859-10-15,285.09670703061204
1859-11-15,285.10331655984953
1859-12-15,285.1099999999919
1860-01-15,285.11677646565926
1860-02-15,285.12365649653316
1860-03-15,285.13064848856067
1860-04-15,285.137760837689
1860-05-15,285.14500193986504
1860-06-15,285.15238019103595
1860-07-15,285.1599039871488
1860-08-15,285.1675817241507
1860-09-15,285.1754217979887
1860-10-15,285.1834326046098
1860-11-15,285.19162253996103
1860-12-15,285.19999999998976
1861-01-15,285.2085744150351
1861-02-15,285.2173593530065
1861-03-15,285.2263694162052
1861-04-15,285.235619206933
1861-05-15,285.2451233274913
1861-06-15,285.2548963801817
1861-07-15,285.2649529673058
1861-08-15,285.27530769116515
1861-09-15,285.2859751540612
1861-10-15,285.29696995829556
1861-11-15,285.3083067061698
1861-12-15,285.3199999999855
1862-01-15,285.33206244820906
1862-02-15,285.3444986839667
1862-03-15,285.3573113465498
1862-04-15,285.37050307524936
1862-05-15,285.3840765093565
1862-06-15,285.39803428816253
1862-07-15,285.41237905095846
1862-08-15,285.4271134370357
1862-09-15,285.4422400856853
1862-10-15,285.4577616361983
1862-11-15,285.473680727866
1862-12-15,285.4899999999796
1863-01-15,285.50671745870403
1863-02-15,285.5238125776993
1863-03-15,285.5412601974991
1863-04-15,285.5590351586373
1863-05-15,285.5771123016476
1863-06-15,285.5954664670638
1863-07-15,285.61407249541963
1863-08-15,285.63290522724895
1863-09-15,285.65193950308543
1863-10-15,285.6711501634628
1863-11-15,285.690512048915
1863-12-15,285.7099999999757
1864-01-15,285.72959780944444
1864-02-15,285.74932507918476
1864-03-15,285.76921036332584
1864-04-15,285.78928221599716
1864-05-15,285.80956919132785
1864-06-15,285.83009984344744
1864-07-15,285.8509027264851
1864-08-15,285.8720063945702
1864-09-15,285.893439401832
1864-10-15,285.91523030239995
1864-11-15,285.93740765040326
1864-12-15,285.9599999999714
1865-01-15,285.9830278774442
1865-02-15,286.00647969800445
1865-03-15,286.0303358490457
1865-04-15,286.0545767179612
1865-05-15,286.07918269214434
1865-06-15,286.1041341589885
1865-07-15,286.1294115058872
1865-08-15,286.1549951202337
1865-09-15,286.1808653894215
1865-10-15,286.20700270084393
1865-11-15,286.2333874418943
1865-12-15,286.2599999999662
1866-01-15,286.28683234727004
1866-02-15,286.31392279528575
1866-03-15,286.3413212403105
1866-04-15,286.36907757864117
1866-05-15,286.3972417065751
1866-06-15,286.4258635204092
1866-07-15,286.45499291644074
1866-08-15,286.48467979096677
1866-09-15,286.5149740402844
1866-10-15,286.5459255606908
1866-11-15,286.577584248483
1866-12-15,286.6099999999581
1867-01-15,286.64319597400765
1867-02-15,286.67708837990006
1867-03-15,286.71156668949794
1867-04-15,286.7465203746639
1867-05-15,286.78183890726046
1867-06-15,286.81741175915045
1867-07-15,286.8531284021963
1867-08-15,286.88887830826064
1867-09-15,286.9245509492062
1867-10-15,286.96003579689534
1867-11-15,286.99522232319094
1867-12-15,287.02999999995546
1868-01-15,287.0642784323757
1868-02-15,287.0980477589354
1868-03-15,287.1313182514425
1868-04-15,287.164100181705
1868-05-15,287.19640382153096
1868-06-15,287.2282394427284
1868-07-15,287.2596173171053
1868-08-15,287.2905477164697
1868-09-15,287.3210409126296
1868-10-15,287.351107177393
1868-11-15,287.38075678256786
1868-12-15,287.40999999996234
1869-01-15,287.4388511758635
1869-02-15,287.4673409544752
1869-03-15,287.49550405448076
1869-04-15,287.52337519456324
1869-05-15,287.55098909340563
1869-06-15,287.5783804696911
1869-07-15,287.605584042103
1869-08-15,287.6326345293241
1869-09-15,287.6595666500378
1869-10-15,287.6864151229271
1869-11-15,287.713214666675
1869-12-15,287.73999999996494
1870-01-15,287.7667983454241
1870-02-15,287.7936069414565
1870-03-15,287.82041553041086
1870-04-15,287.8472138546354
1870-05-15,287.87399165647855
1870-06-15,287.90073867828863
1870-07-15,287.9274446624141
1870-08-15,287.9540993512033
1870-09-15,287.9806924870046
1870-10-15,288.00721381216647
1870-11-15,288.0336530690372
1870-12-15,288.05999999996527
1871-01-15,288.0862471088948
1871-02-15,288.1123979461533
1871-03-15,288.1384588236641
1871-04-15,288.16443605335064
1871-05-15,288.1903359471361
1871-06-15,288.2161648169439
1871-07-15,288.2419289746973
1871-08-15,288.2676347323198
1871-09-15,288.2932884017345
1871-10-15,288.31889629486494
1871-11-15,288.3444647236343
1871-12-15,288.369999999966
1872-01-15,288.3955048854559
1872-02-15,288.42096794038974
1872-03-15,288.4463741747258
1872-04-15,288.4717085984224
1872-05-15,288.4969562214378
1872-06-15,288.5221020537303
1872-07-15,288.5471311052582
1872-08-15,288.57202838597965
1872-09-15,288.59677890585306
1872-10-15,288.6213676748367
1872-11-15,288.6457797028887
1872-12-15,288.6699999999677
1873-01-15,288.6940076546347
1873-02-15,288.71775806986363
1873-03-15,288.7412007272315
1873-04-15,288.76428510831505
1873-05-15,288.7869606946913
1873-06-15,288.80917696793693
1873-07-15,288.830883409629
1873-08-15,288.8520295013443
1873-09-15,288.87256472465975
1873-10-15,288.8924385611522
1873-11-15,288.9116004923986
1873-12-15,288.9299999999756
1874-01-15,288.94759644026436
1874-02-15,288.9643886688615
1874-03-15,288.98038541616796
1874-04-15,288.9955954125846
1874-05-15,289.0100273885123
1874-06-15,289.02369007435186
1874-07-15,289.03659220050423
1874-08-15,289.04874249737014
1874-09-15,289.0601496953507
1874-10-15,289.07082252484656
1874-11-15,289.08076971625866
1874-12-15,289.0899999999878
1875-01-15,289.0985232508382
1875-02-15,289.1063539212261
1875-03-15,289.1135076079713
1875-04-15,289.11999990789343
1875-05-15,289.12584641781217
1875-06-15,289.1310627345471
1875-07-15,289.13566445491784
1875-08-15,289.1396671757442
1875-09-15,289.1430864938457
1875-10-15,289.14593800604206
1875-11-15,289.14823730915293
1875-12-15,289.1499999999979
1876-01-15,289.1512445840913
1876-02-15,289.1520012017256
1876-03-15,289.1523029018881
1876-04-15,289.1521827335659
1876-05-15,289.1516737457462
1876-06-15,289.15080898741627
1876-07-15,289.14962150756327
1876-08-15,289.14814435517434
1876-09-15,289.14641057923666
1876-10-15,289.14445322873746
1876-11-15,289.1423053526639
1876-12-15,289.1400000000033
1877-01-15,289.13756901463523
1877-02-15,289.13503942001
1877-03-15,289.1324370344701
1877-04-15,289.12978767635843
1877-05-15,289.1271171640176
1877-06-15,289.1244513157904
1877-07-15,289.1218159500193
1877-08-15,289.1192368850473
1877-09-15,289.116739939217
1877-10-15,289.11435093087096
1877-11-15,289.11209567835203
1877-12-15,289.1100000000028
1878-01-15,289.10808583886416
1878-02-15,289.10635963676884
1878-03-15,289.1048239602479
1878-04-15,289.10348137583213
1878-05-15,289.1023344500524
1878-06-15,289.10138574943966
1878-07-15,289.10063784052477
1878-08-15,289.1000932898386
1878-09-15,289.09975466391217
1878-10-15,289.0996245292762
1878-11-15,289.09970545246165
1878-12-15,289.0999999999994
1879-01-15,289.1005216576987
1879-02-15,289.1013275884814
1879-03-15,289.10248587454817
1879-04-15,289.1040645980991
1879-05-15,289.1061318413348
1879-06-15,289.1087556864555
1879-07-15,289.1120042156617
1879-08-15,289.1159455111539
1879-09-15,289.1206476551322
1879-10-15,289.12617872979723
1879-11-15,289.1326068173493
1879-12-15,289.13999999998885
1880-01-15,289.1484039192162
1880-02-15,289.15777445373266
1880-03-15,289.16804504153885
1880-04-15,289.1791491206356
1880-05-15,289.1910201290239
1880-06-15,289.20359150470455
1880-07-15,289.21679668567856
1880-08-15,289.2305691099466
1880-09-15,289.2448422155097
1880-10-15,289.25954944036874
1880-11-15,289.27462422252444
1880-12-15,289.28999999997785
1881-01-15,289.30562539684365
1881-02-15,289.32150978169295
1881-03-15,289.3376777092106
1881-04-15,289.35415373408154
1881-05-15,289.37096241099096
1881-06-15,289.3881282946237
1881-07-15,289.40567593966483
1881-08-15,289.42362990079926
1881-09-15,289.4420147327122
1881-10-15,289.4608549900884
1881-11-15,289.4801752276131
1881-12-15,289.499999999971
1882-01-15,289.5203387062395
1882-02-15,289.5411401230633
1882-03-15,289.5623378714795
1882-04-15,289.58386557252487
1882-05-15,289.60565684723633
1882-06-15,289.62764531665084
1882-07-15,289.6497646018054
1882-08-15,289.6719483237366
1882-09-15,289.69413010348177
1882-10-15,289.71624356207747
1882-11-15,289.7382223205608
1882-12-15,289.75999999996856
1883-01-15,289.7815267224705
1883-02-15,289.80281861476766
1883-03-15,289.82390830469427
1883-04-15,289.8448284200842
1883-05-15,289.86561158877146
1883-06-15,289.8862904385902
1883-07-15,289.90689759737444
1883-08-15,289.92746569295826
1883-09-15,289.94802735317563
1883-10-15,289.9686152058606
1883-11-15,289.98926187884723
1883-12-15,290.0099999999696
1884-01-15,290.03086343147163
1884-02-15,290.05189097323694
1884-03-15,290.0731226595592
1884-04-15,290.09459852473196
1884-05-15,290.1163586030488
1884-06-15,290.13844292880333
1884-07-15,290.16089153628917
1884-08-15,290.1837444597998
1884-09-15,290.2070417336289
1884-10-15,290.23082339207014
1884-11-15,290.2551294694169
1884-12-15,290.2799999999629
1885-01-15,290.30547672737725
1885-02-15,290.3316082328317
1885-03-15,290.358444806873
1885-04-15,290.3860367400488
1885-05-15,290.41443432290583
1885-06-15,290.4436878459916
1885-07-15,290.473847599853
1885-08-15,290.5049638750373
1885-09-15,290.5370869620916
1885-10-15,290.5702671515632
1885-11-15,290.60455473399907
1885-12-15,290.6399999999465
1886-01-15,290.6766278069293
1886-02-15,290.7143612803776
1886-03-15,290.75309811269824
1886-04-15,290.7927359962977
1886-05-15,290.83317262358287
1886-06-15,290.8743056869602
1886-07-15,290.9160328788365
1886-08-15,290.9582518916184
1886-09-15,291.00086041771254
1886-10-15,291.0437561495257
1886-11-15,291.08683677946436
1886-12-15,291.1299999999355
1887-01-15,291.17315672050785
1887-02-15,291.21627071940094
1887-03-15,291.2593189919962
1887-04-15,291.30227853367546
1887-05-15,291.3451263398204
1887-06-15,291.38783940581277
1887-07-15,291.4303947270342
1887-08-15,291.47276929886647
1887-09-15,291.5149401166912
1887-10-15,291.5568841758902
1887-11-15,291.5985784718452
1887-12-15,291.6399999999378
1888-01-15,291.6811272551083
1888-02-15,291.72194473053145
1888-03-15,291.7624384189402
1888-04-15,291.8025943130677
1888-05-15,291.84239840564726
1888-06-15,291.88183668941195
1888-07-15,291.92089515709483
1888-08-15,291.95955980142924
1888-09-15,291.9978166151483
1888-10-15,292.03565159098497
1888-11-15,292.07305072167253
1888-12-15,292.1099999999443
1889-01-15,292.14649513832154
1889-02-15,292.1825707284794
1889-03-15,292.21827108188126
1889-04-15,292.25364050999065
1889-05-15,292.2887233242709
1889-06-15,292.3235638361855
1889-07-15,292.35820635719784
1889-08-15,292.3926951987715
1889-09-15,292.4270746723698
1889-10-15,292.4613890894563
1889-11-15,292.4956827614944
1889-12-15,292.5299999999475
1890-01-15,292.5643678857152
1890-02-15,292.59874457744127
1890-03-15,292.63307100320543
1890-04-15,292.6672880910874
1890-05-15,292.7013367691669
1890-06-15,292.73515796552374
1890-07-15,292.7686926082376
1890-08-15,292.80188162538815
1890-09-15,292.8346659450551
1890-10-15,292.86698649531843
1890-11-15,292.8987842042576
1890-12-15,292.92999999995243
1891-01-15,292.96058192961675
1891-02-15,292.9905065170007
1891-03-15,293.0197574049885
1891-04-15,293.04831823646464
1891-05-15,293.0761726543132
1891-06-15,293.1033043014187
1891-07-15,293.1296968206653
1891-08-15,293.15533385493734
1891-09-15,293.1801990471191
1891-10-15,293.2042760400949
1891-11-15,293.227548476749
1891-12-15,293.24999999996584
1892-01-15,293.27161458073124
1892-02-15,293.2923775024377
1892-03-15,293.3122743765796
1892-04-15,293.3312908146508
1892-05-15,293.34941242814574
1892-06-15,293.3666248285584
1892-07-15,293.3829136273831
1892-08-15,293.398264436114
1892-09-15,293.4126628662453
1892-10-15,293.42609452927104
1892-11-15,293.4385450366855
1892-12-15,293.4499999999829
1893-01-15,293.4604655343017
1893-02-15,293.4700297693586
1893-03-15,293.4788013385148
1893-04-15,293.4868888751316
1893-05-15,293.49440101257
1893-06-15,293.5014463841914
1893-07-15,293.5081336233569
1893-08-15,293.5145713634278
1893-09-15,293.52086823776534
1893-10-15,293.5271328797307
1893-11-15,293.533473922685
1893-12-15,293.53999999998956
1894-01-15,293.5468010597334
1894-02-15,293.55389230891655
1894-03-15,293.56127026926646
1894-04-15,293.568931462511
1894-05-15,293.57687241037763
1894-06-15,293.58508963459394
1894-07-15,293.59357965688775
1894-08-15,293.6023389989865
1894-09-15,293.6113641826179
1894-10-15,293.62065172950963
1894-11-15,293.63019816138916
1894-12-15,293.6399999999843
1895-01-15,293.65005592113374
1895-02-15,293.6603732171212
1895-03-15,293.67096133434177
1895-04-15,293.6818297191902
1895-05-15,293.6929878180616
1895-06-15,293.7044450773509
1895-07-15,293.71621094345295
1895-08-15,293.7282948627627
1895-09-15,293.74070628167516
1895-10-15,293.75345464658534
1895-11-15,293.766549403888
1895-12-15,293.77999999997826
1896-01-15,293.79382595007837
1896-02-15,293.80808704471997
1896-03-15,293.8228531432626
1896-04-15,293.83819410506527
1896-05-15,293.8541797894874
1896-06-15,293.87088005588816
1896-07-15,293.8883647636269
1896-08-15,293.90670377206277
1896-09-15,293.92596694055504
1896-10-15,293.946224128463
1896-11-15,293.96754519514593
1896-12-15,293.98999999996306
1897-01-15,294.01363333396404
1897-02-15,294.03838971496015
1897-03-15,294.06418859245264
1897-04-15,294.090949415943
1897-05-15,294.11859163493233
1897-06-15,294.14703469892225
1897-07-15,294.17619805741407
1897-08-15,294.20600115990914
1897-09-15,294.2363634559087
1897-10-15,294.2672043949143
1897-11-15,294.29844342642724
1897-12-15,294.3299999999488
1898-01-15,294.3618027508731
1898-02-15,294.3938170581648
1898-03-15,294.42601748668153
1898-04-15,294.4583786012808
1898-05-15,294.4908749668201
1898-06-15,294.5234811481569
1898-07-15,294.55617171014876
1898-08-15,294.5889212176532
1898-09-15,294.62170423552766
1898-10-15,294.65449532862976
1898-11-15,294.687269061817
1898-12-15,294.7199999999468
1899-01-15,294.7526683937268
1899-02-15,294.7852772372643
1899-03-15,294.8178352105168
1899-04-15,294.8503509934418
1899-05-15,294.88283326599674
1899-06-15,294.91529070813914
1899-07-15,294.9477319998264
1899-08-15,294.98016582101593
1899-09-15,295.0126008516653
1899-10-15,295.0450457717319
1899-11-15,295.07750926117325
1899-12-15,295.10999999994687
1900-01-15,295.14252946093956
1900-02-15,295.1751202887567
1900-03-15,295.2077979209333
1900-04-15,295.240587795004
1900-05-15,295.2735153485038
1900-06-15,295.30660601896744
1900-07-15,295.3398852439298
1900-08-15,295.3733784609258
1900-09-15,295.4071111074902
1900-10-15,295.4411086211579
1900-11-15,295.4753964394638
1900-12-15,295.5099999999427
1901-01-15,295.5449394566353
1901-02-15,295.58021382960555
1901-03-15,295.6158168554233
1901-04-15,295.6517422706583
1901-05-15,295.6879838118805
1901-06-15,295.72453521565944
1901-07-15,295.76139021856517
1901-08-15,295.7985425571673
1901-09-15,295.8359859680357
1901-10-15,295.8737141877401
1901-11-15,295.9117209528504
1901-12-15,295.94999999993627
1902-01-15,295.9885402584666
1902-02-15,296.02731142950614
1902-03-15,296.06627840701873
1902-04-15,296.105406084968
1902-05-15,296.1446593573178
1902-06-15,296.1840031180318
1902-07-15,296.2234022610738
1902-08-15,296.2628216804075
1902-09-15,296.3022262699967
1902-10-15,296.34158092380517
1902-11-15,296.3808505357966
1902-12-15,296.4199999999348
1903-01-15,296.4590013609705
1903-02-15,296.4978552668029
1903-03-15,296.53656951611845
1903-04-15,296.5751519076033
1903-05-15,296.6136102399439
1903-06-15,296.6519523118264
1903-07-15,296.6901859219372
1903-08-15,296.72831886896256
1903-09-15,296.76635895158887
1903-10-15,296.80431396850247
1903-11-15,296.84219171838953
1903-12-15,296.87999999993644
1904-01-15,296.9177343898564
1904-02-15,296.95534157696915
1904-03-15,296.9927560281212
1904-04-15,297.02991221015924
1904-05-15,297.0667445899299
1904-06-15,297.1031876342796
1904-07-15,297.1391758100549
1904-08-15,297.1746435841024
1904-09-15,297.20952542326853
1904-10-15,297.2437557944001
1904-11-15,297.2772691643435
1904-12-15,297.3099999999453
1905-01-15,297.34189556997296
1905-02-15,297.37295435087725
1905-03-15,297.4031876210303
1905-04-15,297.4326066588039
1905-05-15,297.46122274256993
1905-06-15,297.48904715070023
1905-07-15,297.5160911615669
1905-08-15,297.54236605354174
1905-09-15,297.5678831049967
1905-10-15,297.5926535943035
1905-11-15,297.6166887998343
1905-12-15,297.6399999999609
1906-01-15,297.6626057836412
1906-02-15,297.6845539821771
1906-03-15,297.7058997374567
1906-04-15,297.7266981913681
1906-05-15,297.7470044857993
1906-06-15,297.76687376263834
1906-07-15,297.78636116377334
1906-08-15,297.8055218310923
1906-09-15,297.8244109064832
1906-10-15,297.8430835318342
1906-11-15,297.8615948490333
1906-12-15,297.8799999999685
1907-01-15,297.8983468044852
1907-02-15,297.9166537942577
1907-03-15,297.9349321789173
1907-04-15,297.95319316809554
1907-05-15,297.97144797142397
1907-06-15,297.9897077985339
1907-07-15,298.0079838590569
1907-08-15,298.02628736262426
1907-09-15,298.0446295188677
1907-10-15,298.0630215374185
1907-11-15,298.0814746279081
1907-12-15,298.099999999968
1908-01-15,298.1186019056296
1908-02-15,298.1372567665236
1908-03-15,298.1559340466805
1908-04-15,298.174603210131
1908-05-15,298.1932337209056
1908-06-15,298.2117950430349
1908-07-15,298.2302566405493
1908-08-15,298.2485879774796
1908-09-15,298.2667585178562
1908-10-15,298.28473772570976
1908-11-15,298.3024950650708
1908-12-15,298.31999999996987
1909-01-15,298.3372397857697
1909-02-15,298.35427284316205
1909-03-15,298.37117538417095
1909-04-15,298.38802362082043
1909-05-15,298.4048937651346
1909-06-15,298.42186202913746
1909-07-15,298.4390046248533
1909-08-15,298.4563977643058
1909-09-15,298.47411765951927
1909-10-15,298.49224052251776
1909-11-15,298.51084256532533
1909-12-15,298.529999999966
1910-01-15,298.5497884881424
1910-02-15,298.57028149027127
1910-03-15,298.5915519164483
1910-04-15,298.6136726767687
1910-05-15,298.6367166813278
1910-06-15,298.66075684022127
1910-07-15,298.6858660635443
1910-08-15,298.7121172613924
1910-09-15,298.7395833438609
1910-10-15,298.76833722104533
1910-11-15,298.7984518030409
1910-12-15,298.82999999994325
1911-01-15,298.86303334476423
1911-02-15,298.89751786218187
1911-03-15,298.93339819979036
1911-04-15,298.9706190051841
1911-05-15,299.00912492595734
1911-06-15,299.04886060970443
1911-07-15,299.08977070401966
1911-08-15,299.13179985649725
1911-09-15,299.1748927147316
1911-10-15,299.2189939263169
1911-11-15,299.26404813884767
1911-12-15,299.309999999918
1912-01-15,299.3567934102222
1912-02-15,299.4043692828545
1912-03-15,299.4526677840087
1912-04-15,299.5016290798791
1912-05-15,299.5511933366596
1912-06-15,299.60130072054426
1912-07-15,299.6518913977272
1912-08-15,299.7029055344024
1912-09-15,299.75428329676396
1912-10-15,299.80596485100597
1912-11-15,299.8578903633223
1912-12-15,299.9099999999072
1913-01-15,299.96224671756414
1913-02-15,300.0146346355353
1913-03-15,300.06718066367216
1913-04-15,300.1199017118267
1913-05-15,300.1728146898505
1913-06-15,300.22593650759524
1913-07-15,300.2792840749128
1913-08-15,300.33287430165484
1913-09-15,300.386724097673
1913-10-15,300.44085037281906
1913-11-15,300.4952700369447
1913-12-15,300.5499999999018
1914-01-15,300.60505305229975
1914-02-15,300.66042550777996
1914-03-15,300.7161095607414
1914-04-15,300.7720974055831
1914-05-15,300.8283812367042
1914-06-15,300.8849532485037
1914-07-15,300.94180563538066
1914-08-15,300.99893059173417
1914-09-15,301.05632031196336
1914-10-15,301.11396699046725
1914-11-15,301.1718628216447
1914-12-15,301.2299999998951
1915-01-15,301.2883628319022
1915-02-15,301.3469040734887
1915-03-15,301.40556859276234
1915-04-15,301.4643012578307
1915-05-15,301.52304693680134
1915-06-15,301.5817504977819
1915-07-15,301.64035680887986
1915-08-15,301.6988107382028
1915-09-15,301.75705715385834
1915-10-15,301.8150409239541
1915-11-15,301.8727069165976
1915-12-15,301.9299999998966
1916-01-15,301.9868775639133
1916-02-15,302.0433470865301
1916-03-15,302.09942856758425
1916-04-15,302.155142006913
1916-05-15,302.21050740435373
1916-06-15,302.2655447597436
1916-07-15,302.3202740729199
1916-08-15,302.3747153437199
1916-09-15,302.42888857198096
1916-10-15,302.4828137575402
1916-11-15,302.53651090023504
1916-12-15,302.58999999990266
1917-01-15,302.64328779146115
1917-02-15,302.6963279501509
1917-03-15,302.7490608862931
1917-04-15,302.80142701020884
1917-05-15,302.8533667322192
1917-06-15,302.90482046264526
1917-07-15,302.9557286118083
1917-08-15,303.0060315900292
1917-09-15,303.05566980762904
1917-10-15,303.10458367492913
1917-11-15,303.15271360225046
1917-12-15,303.1999999999141
1918-01-15,303.2463948807785
1918-02-15,303.29189666785106
1918-03-15,303.33651538667704
1918-04-15,303.38026106280125
1918-05-15,303.42314372176867
1918-06-15,303.4651733891245
1918-07-15,303.5063600904136
1918-08-15,303.54671385118087
1918-09-15,303.5862446969713
1918-10-15,303.6249626533301
1918-11-15,303.66287774580206
1918-12-15,303.69999999993223
1919-01-15,303.73634680529494
1919-02-15,303.7719650075819
1919-03-15,303.80690881651435
1919-04-15,303.8412324418135
1919-05-15,303.87499009320015
1919-06-15,303.9082359803959
1919-07-15,303.94102431312166
1919-08-15,303.9734093010986
1919-09-15,304.0054451540481
1919-10-15,304.03718608169095
1919-11-15,304.06868629374856
1919-12-15,304.09999999994204
1920-01-15,304.131169286523
1920-02-15,304.16218774586497
1920-03-15,304.19303684687134
1920-04-15,304.2236980584461
1920-05-15,304.25415284949275
1920-06-15,304.2843826889152
1920-07-15,304.314369045617
1920-08-15,304.3440933885019
1920-09-15,304.37353718647364
1920-10-15,304.40268190843597
1920-11-15,304.43150902329256
1920-12-15,304.4599999999472
1921-01-15,304.488131140856
1921-02-15,304.5158580826862
1921-03-15,304.54313129565725
1921-04-15,304.5699012499887
1921-05-15,304.59611841590004
1921-06-15,304.621733263611
1921-07-15,304.64669626334097
1921-08-15,304.67095788530963
1921-09-15,304.6944685997364
1921-10-15,304.71717887684093
1921-11-15,304.7390391868428
1921-12-15,304.7599999999615
1922-01-15,304.78002142752746
1922-02-15,304.79910214531446
1922-03-15,304.81725047020717
1922-04-15,304.8344747190904
1922-05-15,304.85078320884884
1922-06-15,304.8661842563672
1922-07-15,304.88068617853037
1922-08-15,304.89429729222286
1922-09-15,304.90702591432955
1922-10-15,304.9188803617351
1922-11-15,304.9298689513241
1922-12-15,304.93999999998164
1923-01-15,304.94928893585535
1923-02-15,304.95777963214573
1923-03-15,304.9655230733166
1923-04-15,304.9725702438318
1923-05-15,304.97897212815474
1923-06-15,304.98477971074954
1923-07-15,304.99004397607985
1923-08-15,304.99481590860927
1923-09-15,304.9991464928017
1923-10-15,305.00308671312075
1923-11-15,305.00668755403024
1923-12-15,305.0099999999939
1924-01-15,305.0130832456083
1924-02-15,305.0160293260007
1924-03-15,305.01893848643164
1924-04-15,305.02191097216115
1924-05-15,305.0250470284497
1924-06-15,305.0284469005575
1924-07-15,305.03221083374495
1924-08-15,305.03643907327216
1924-09-15,305.0412318643996
1924-10-15,305.04668945238745
1924-11-15,305.05291208249605
1924-12-15,305.0599999999856
1925-01-15,305.0680424335075
1925-02-15,305.07708454527705
1925-03-15,305.0871604809005
1925-04-15,305.0983043859839
1925-05-15,305.1105504061336
1925-06-15,305.1239326869558
1925-07-15,305.1384853740567
1925-08-15,305.15424261304247
1925-09-15,305.1712385495193
1925-10-15,305.18950732909343
1925-11-15,305.2090830973711
1925-12-15,305.2299999999586
1926-01-15,305.2522643813579
1926-02-15,305.2757713816551
1926-03-15,305.3003883398316
1926-04-15,305.32598259486895
1926-05-15,305.3524214857488
1926-06-15,305.37957235145257
1926-07-15,305.40730253096183
1926-08-15,305.43547936325814
1926-09-15,305.46397018732307
1926-10-15,305.49264234213814
1926-11-15,305.52136316668486
1926-12-15,305.54999999994493
1927-01-15,305.5784382352583
1927-02-15,305.6066354834005
1927-03-15,305.6345674095059
1927-04-15,305.66220967870873
1927-05-15,305.6895379561432
1927-06-15,305.7165279069437
1927-07-15,305.7431551962446
1927-08-15,305.76939548917994
1927-09-15,305.7952244508842
1927-10-15,305.82061774649156
1927-11-15,305.84555104113645
1927-12-15,305.869999999953
1928-01-15,305.89394216804084
1928-02-15,305.9173626103604
1928-03-15,305.94024827183745
1928-04-15,305.9625860973977
1928-05-15,305.984363031967
1928-06-15,306.00556602047106
1928-07-15,306.02618200783553
1928-08-15,306.04619793898627
1928-09-15,306.06560075884903
1928-10-15,306.08437741234945
1928-11-15,306.10251484441335
1928-12-15,306.11999999996647
1929-01-15,306.13683475897403
1929-02-15,306.15308074155905
1929-03-15,306.16881450288435
1929-04-15,306.1841125981125
1929-05-15,306.1990515824064
1929-06-15,306.2137080109287
1929-07-15,306.2281584388422
1929-08-15,306.2424794213094
1929-09-15,306.2567475134932
1929-10-15,306.2710392705563
1929-11-15,306.2854312476614
1929-12-15,306.2999999999712
1930-01-15,306.31481254585856
1930-02-15,306.32989775653687
1930-03-15,306.3452749664295
1930-04-15,306.36096350995984
1930-05-15,306.37698272155114
1930-06-15,306.39335193562675
1930-07-15,306.41009048661033
1930-08-15,306.42721770892496
1930-09-15,306.44475293699406
1930-10-15,306.4627155052411
1930-11-15,306.48112474808937
1930-12-15,306.49999999996226
1931-01-15,306.51935487221806
1931-02-15,306.5391800839546
1931-03-15,306.5594606312046
1931-04-15,306.58018151000067
1931-05-15,306.6013277163756
1931-06-15,306.62288424636205
1931-07-15,306.64483609599256
1931-08-15,306.6671682613001
1931-09-15,306.68986573831717
1931-10-15,306.7129135230765
1931-11-15,306.7362966116107
1931-12-15,306.7599999999526
1932-01-15,306.78401217799995
1932-02-15,306.80833561111126
1932-03-15,306.83297625851003
1932-04-15,306.8579400794202
1932-05-15,306.88323303306515
1932-06-15,306.90886107866874
1932-07-15,306.93483017545447
1932-08-15,306.9611462826461
1932-09-15,306.98781535946716
1932-10-15,307.01484336514153
1932-11-15,307.04223625889256
1932-12-15,307.0699999999442
1933-01-15,307.0981438691984
1933-02-15,307.1266904342716
1933-03-15,307.1556655844588
1933-04-15,307.1850952090548
1933-05-15,307.21500519735457
1933-06-15,307.24542143865295
1933-07-15,307.276369822245
1933-08-15,307.30787623742555
1933-09-15,307.3399665734895
1933-10-15,307.37266671973174
1933-11-15,307.40600256544735
1933-12-15,307.439999999931
1934-01-15,307.4746797059726
1934-02-15,307.5100415403407
1934-03-15,307.5460801532986
1934-04-15,307.58279019510974
1934-05-15,307.6201663160374
1934-06-15,307.6582031663449
1934-07-15,307.69689539629564
1934-08-15,307.736237656153
1934-09-15,307.7762245961802
1934-10-15,307.81685086664066
1934-11-15,307.85811111779776
1934-12-15,307.8999999999148
1935-01-15,307.94250651944947
1935-02-15,307.9855971076371
1935-03-15,308.0292325519069
1935-04-15,308.07337363968855
1935-05-15,308.1179811584115
1935-06-15,308.1630158955053
1935-07-15,308.20843863839923
1935-08-15,308.254210174523
1935-09-15,308.30029129130594
1935-10-15,308.3466427761776
1935-11-15,308.39322541656736
1935-12-15,308.43999999990484
1936-01-15,308.48693194719925
1936-02-15,308.53400521377813
1936-03-15,308.5812083885495
1936-04-15,308.6285300604207
1936-05-15,308.6759588182996
1936-06-15,308.7234832510935
1936-07-15,308.7710919477103
1936-08-15,308.81877349705746
1936-09-15,308.8665164880426
1936-10-15,308.91430950957334
1936-11-15,308.9621411505574
1936-12-15,309.0099999999023
1937-01-15,309.05786754303966
1937-02-15,309.1056968514967
1937-03-15,309.15343389332463
1937-04-15,309.20102463657463
1937-05-15,309.248415049298
1937-06-15,309.2955510995456
1937-07-15,309.34237875536877
1937-08-15,309.3888439848188
1937-09-15,309.43489275594663
1937-10-15,309.4804710368036
1937-11-15,309.5255247954408
1937-12-15,309.5699999999093
1938-01-15,309.613860611548
1938-02-15,309.65714256484557
1938-03-15,309.6998997875787
1938-04-15,309.742186207524
1938-05-15,309.78405575245813
1938-06-15,309.82556235015755
1938-07-15,309.86675992839895
1938-08-15,309.9077024149589
1938-09-15,309.94844373761407
1938-10-15,309.98903782414095
1938-11-15,310.0295386023163
1938-12-15,310.06999999991655
1939-01-15,310.11046315837757
1939-02-15,310.15091807377166
1939-03-15,310.19134195583007
1939-04-15,310.23171201428426
1939-05-15,310.27200545886535
1939-06-15,310.31219949930477
1939-07-15,310.3522713453337
1939-08-15,310.3921982066837
1939-09-15,310.4319572930859
1939-10-15,310.4715258142717
1939-11-15,310.51088097997234
1939-12-15,310.5499999999191
1940-01-15,310.5888700877712
1940-02-15,310.6275184728988
1940-03-15,310.66598238860007
1940-04-15,310.7042990681731
1940-05-15,310.7425057449162
1940-06-15,310.78063965212726
1940-07-15,310.8187380231046
1940-08-15,310.85683809114624
1940-09-15,310.8949770895505
1940-10-15,310.9331922516153
1940-11-15,310.971520810639
1940-12-15,311.0099999999196
1941-01-15,311.0486398233851
1941-02-15,311.08734136748217
1941-03-15,311.12597848928687
1941-04-15,311.16442504587536
1941-05-15,311.2025548943238
1941-06-15,311.24024189170814
1941-07-15,311.27735989510467
1941-08-15,311.31378276158944
1941-09-15,311.34938434823863
1941-10-15,311.38403851212826
1941-11-15,311.41761911033456
1941-12-15,311.4499999999335
1942-01-15,311.4810787200732
1942-02-15,311.51084753819003
1942-03-15,311.5393224037923
1942-04-15,311.56651926638864
1942-05-15,311.5924540754875
1942-06-15,311.6171427805975
1942-07-15,311.6406013312269
1942-08-15,311.66284567688433
1942-09-15,311.68389176707825
1942-10-15,311.7037555513173
1942-11-15,311.72245297910973
1942-12-15,311.73999999996425
1943-01-15,311.75640872187876
1943-02-15,311.7716758868093
1943-03-15,311.7857943952012
1943-04-15,311.79875714750005
1943-05-15,311.8105570441513
1943-06-15,311.8211869856004
1943-07-15,311.8306398722927
1943-08-15,311.8389086046737
1943-09-15,311.84598608318885
1943-10-15,311.8518652082837
1943-11-15,311.85653888040355
1943-12-15,311.859999999994
1944-01-15,311.86225629961837
1944-02-15,311.8633748403127
1944-03-15,311.8634375152311
1944-04-15,311.8625262175276
1944-05-15,311.8607228403566
1944-06-15,311.85810927687197
1944-07-15,311.85476742022803
1944-08-15,311.85077916357886
1944-09-15,311.84622640007854
1944-10-15,311.8411910228813
1944-11-15,311.83575492514126
1944-12-15,311.8300000000125
1945-01-15,311.82399316294664
1945-02-15,311.8177414185844
1945-03-15,311.81123679386377
1945-04-15,311.8044713157229
1945-05-15,311.7974370110994
1945-06-15,311.7901259069317
1945-07-15,311.78253003015755
1945-08-15,311.7746414077149
1945-09-15,311.7664520665418
1945-10-15,311.75795403357637
1945-11-15,311.74913933575635
1945-12-15,311.74000000001985
1946-01-15,311.73053840977536
1946-02-15,311.7207983743127
1946-03-15,311.7108340593926
1946-04-15,311.70069963077566
1946-05-15,311.69044925422236
1946-06-15,311.6801370954933
1946-07-15,311.66981732034907
1946-08-15,311.65954409455014
1946-09-15,311.6493715838573
1946-10-15,311.639353954031
1946-11-15,311.6295453708317
1946-12-15,311.6200000000202
1947-01-15,311.61077449436306
1947-02-15,311.60193545465165
1947-03-15,311.59355196868347
1947-04-15,311.58569312425595
1947-05-15,311.57842800916666
1947-06-15,311.5718257112131
1947-07-15,311.5659553181927
1947-08-15,311.560885917903
1947-09-15,311.5566865981416
1947-10-15,311.5534264467058
1947-11-15,311.5511745513932
1947-12-15,311.5500000000013
1948-01-15,311.5499573628697
1948-02-15,311.5510431405059
1948-03-15,311.55323931595933
1948-04-15,311.55652787227945
1948-05-15,311.56089079251564
1948-06-15,311.5663100597175
1948-07-15,311.57276765693433
1948-08-15,311.58024556721574
1948-09-15,311.5887257736109
1948-10-15,311.59819025916937
1948-11-15,311.6086210069407
1948-12-15,311.61999999997425
1949-01-15,311.632306933775
1949-02-15,311.64551235367
1949-03-15,311.6595845174416
1949-04-15,311.67449168287254
1949-05-15,311.6902021077452
1949-06-15,311.7066840498421
1949-07-15,311.7239057669459
1949-08-15,311.74183551683893
1949-09-15,311.76044155730386
1949-10-15,311.7796921461231
1949-11-15,311.7995555410792
1949-12-15,311.81999999995475
1950-01-15,311.84099430002
1950-02-15,311.8625092964965
1950-03-15,311.88451636409366
1950-04-15,311.9069868775208
1950-05-15,311.92989221148747
1950-06-15,311.95320374070286
1950-07-15,311.97689283987637
1950-08-15,312.00093088371744
1950-09-15,312.0252892469354
1950-10-15,312.0499393042397
1950-11-15,312.0748524303396
1950-12-15,312.0999999999446
1951-01-15,312.12536517143127
1951-02-15,312.15097823784555
1951-03-15,312.17688127590066
1951-04-15,312.2031163623099
1951-05-15,312.2297255737867
1951-06-15,312.2567509870443
1951-07-15,312.28423467879605
1951-08-15,312.3122187257552
1951-09-15,312.3407452046351
1951-10-15,312.369856192149
1951-11-15,312.39959376501025
1951-12-15,312.42999999993225
1952-01-15,312.46110982873034
1952-02-15,312.4929296036288
1952-03-15,312.52545853195386
1952-04-15,312.5586958210318
1952-05-15,312.592640678189
1952-06-15,312.6272923107516
1952-07-15,312.66264992604584
1952-08-15,312.69871273139825
1952-09-15,312.7354799341348
1952-10-15,312.772950741582
1952-11-15,312.811124361066
1952-12-15,312.8499999999131
1953-01-15,312.88957630026255
1953-02-15,312.9298496435052
1953-03-15,312.97081584584487
1953-04-15,313.01247072348525
1953-05-15,313.0548100926303
1953-06-15,313.09782976948384
1953-07-15,313.14152557024954
1953-08-15,313.18589331113134
1953-09-15,313.2309288083328
1953-10-15,313.2766278780581
1953-11-15,313.3229863365107
1953-12-15,313.3699999998946
1954-01-15,313.41764515487466
1954-02-15,313.4658199699596
1954-03-15,313.5144030841192
1954-04-15,313.56327313632283
1954-05-15,313.61230876554026
1954-06-15,313.66138861074114
1954-07-15,313.710391310895
1954-08-15,313.7591955049715
1954-09-15,313.8076798319403
1954-10-15,313.85572293077087
1954-11-15,313.90320344043295
1954-12-15,313.94999999989614
1955-01-15,313.99600627406573
1955-02-15,314.0411760315902
1955-03-15,314.08547806705405
1955-04-15,314.1288811750416
1955-05-15,314.17135415013723
1955-06-15,314.21286578692536
1955-07-15,314.25338487999034
1955-08-15,314.2928802239166
1955-09-15,314.33132061328854
1955-10-15,314.3686748426906
1955-11-15,314.4049117067071
1955-12-15,314.43999999992246
1956-01-15,314.4739142390131
1956-02-15,314.50665182902424
1956-03-15,314.5382158970931
1956-04-15,314.5686095703568
1956-05-15,314.5978359759527
1956-06-15,314.62589824101804
1956-07-15,314.65279949269
1956-08-15,314.6785428581059
1956-09-15,314.70313146440293
1956-10-15,314.7265684387184
1956-11-15,314.7488569081895
1956-12-15,314.76999999995354
1957-01-15,314.7900265842505
1957-02-15,314.8090685037329
1957-03-15,314.827283344156
1957-04-15,314.84482869127544
1957-05-15,314.86186213084676
1957-06-15,314.8785412486253
1957-07-15,314.8950236303667
1957-08-15,314.91146686182645
1957-09-15,314.92802852876
1957-10-15,314.94486621692295
1957-11-15,314.9621375120706
1957-12-15,314.97999999995864
1958-01-15,314.9986101403992
1958-02-15,315.01811988943064
1958-03-15,315.03868007714806
1958-04-15,315.0604415336465
1958-05-15,315.083555089021
1958-06-15,315.1081715733668
1958-07-15,315.1344418167788
1958-08-15,315.1625166493521
1958-09-15,315.1925469011818
1958-10-15,315.2246834023629
1958-11-15,315.25907698299056
1958-12-15,315.2958784731598
1959-01-15,315.3352387029656
1959-02-15,315.3773085025032
1959-03-15,315.42223870186746
1959-04-15,315.4701801311536
1959-05-15,315.52128362045664
1959-06-15,315.5756999998717
1959-07-15,315.6334332686881
1959-08-15,315.6939001029693
1959-09-15,315.75637034797074
1959-10-15,315.8201138489483
1959-11-15,315.88440045115743
1959-12-15,315.9484999998539
1960-01-15,316.01183659722426
1960-02-15,316.0744513731831
1960-03-15,316.13653971457825
1960-04-15,316.1982970082573
1960-05-15,316.25991864106805
1960-06-15,316.3215999998581
1960-07-15,316.3834958045228
1960-08-15,316.44559810714634
1960-09-15,316.50785829286013
1960-10-15,316.5702277467956
1960-11-15,316.6326578540838
1960-12-15,316.69509999985627
1961-01-15,316.7575162949379
1961-02-15,316.81991175292853
1961-03-15,316.88230211312197
1961-04-15,316.94470311481183
1961-05-15,317.0071304972919
1961-06-15,317.0695999998557
1961-07-15,317.132124663012
1961-08-15,317.1947067321286
1961-09-15,317.2573457537885
1961-10-15,317.32004127457424
1961-11-15,317.3827928410687
1961-12-15,317.4455999998546
1962-01-15,317.50846329288765
1962-02-15,317.57138724361454
1962-03-15,317.63437737085496
1962-04-15,317.6974391934285
1962-05-15,317.7605782301547
1962-06-15,317.82379999985335
1962-07-15,317.8871096645637
1962-08-15,317.95051095920473
1962-09-15,318.0140072619153
1962-10-15,318.0776019508342
1962-11-15,318.1412984041
1962-12-15,318.20509999985154
1963-01-15,318.2690105479754
1963-02-15,318.3330355853492
1963-03-15,318.3971810805981
1963-04-15,318.4614530023476
1963-05-15,318.52585731922284
1963-06-15,318.5903999998494
1963-07-15,318.65508656856747
1963-08-15,318.71992077257767
1963-09-15,318.78490591479516
1963-10-15,318.8500452981356
1963-11-15,318.91534222551434
1963-12-15,318.98079999984685
1964-01-15,319.04642234351496
1964-02-15,319.11221465676505
1964-03-15,319.17818275931
1964-04-15,319.24433247086296
1964-05-15,319.31066961113675
1964-06-15,319.37719999984404
1964-07-15,319.44392914904387
1964-08-15,319.51086134017885
1964-09-15,319.5780005470374
1964-10-15,319.64535074340824
1964-11-15,319.7129159030798
1964-12-15,319.7806999998407
1965-01-15,319.8487068927035
1965-02-15,319.9169399815772
1965-03-15,319.9854025515944
1965-04-15,320.0540978878882
1965-05-15,320.1230292755914
1965-06-15,320.19219999983704
1965-07-15,320.2616131865898
1965-08-15,320.33127132514204
1965-09-15,320.40117674561816
1965-10-15,320.47133177814254
1965-11-15,320.5417387528394
1965-12-15,320.6123999998331
1966-01-15,320.68331767477036
1966-02-15,320.7544932353875
1966-03-15,320.8259279649432
1966-04-15,320.8976231466963
1966-05-15,320.96958006390537
1966-06-15,321.0417999998291
1966-07-15,321.11428463184177
1966-08-15,321.1870372137799
1966-09-15,321.2600613935952
1966-10-15,321.3333608192399
1966-11-15,321.40693913866573
1966-12-15,321.48079999982474
1967-01-15,321.5549465746102
1967-02-15,321.6293801306811
1967-03-15,321.7041014596373
1967-04-15,321.77911135307914
1967-05-15,321.8544106026067
1967-06-15,321.92999999982027
1967-07-15,322.0058804575499
1967-08-15,322.08205337354633
1967-09-15,322.1585202667904
1967-10-15,322.23528265626277
1967-11-15,322.3123420609442
1967-12-15,322.3896999998156
1968-01-15,322.46735798299585
1968-02-15,322.5453174851568
1968-03-15,322.62357997210864
1968-04-15,322.7021469096615
1968-05-15,322.7810197636256
1968-06-15,322.8601999998108
1968-07-15,322.9396889982445
1968-08-15,323.01948779582165
1968-09-15,323.09959734365435
1968-10-15,323.18001859285454
1968-11-15,323.2607524945344
1968-12-15,323.3417999998059
1969-01-15,323.423161485849
1969-02-15,323.50483503411533
1969-03-15,323.58681815212424
1969-04-15,323.6691083473952
1969-05-15,323.7517031274477
1969-06-15,323.834599999801
1969-07-15,323.91779746459736
1969-08-15,324.0012979924686
1969-09-15,324.08510504666947
1969-10-15,324.1692220904546
1969-11-15,324.2536525870786
1969-12-15,324.3383999997961
1970-01-15,324.4234667101186
1970-02-15,324.5088507725846
1970-03-15,324.5945491599895
1970-04-15,324.68055884512864
1970-05-15,324.76687680079743
1970-06-15,324.85349999979115
1970-07-15,324.9404264344407
1970-08-15,325.027658175219
1970-09-15,325.1151983121343
1970-10-15,325.203049935195
1970-11-15,325.2912161344096
1970-12-15,325.3796999997862
1971-01-15,325.46850393974944
1971-02-15,325.55762763638774
1971-03-15,325.6470700902055
1971-04-15,325.73683030170736
1971-05-15,325.8269072713977
1971-06-15,325.91729999978116
1971-07-15,326.00800780527356
1971-08-15,326.0990312779372
1971-09-15,326.19037132574556
1971-10-15,326.28202885667247
1971-11-15,326.37400477869136
1971-12-15,326.4662999997759
1972-01-15,326.55891530080083
1972-02-15,326.65185095424374
1972-03-15,326.74510710548344
1972-04-15,326.8386838998987
1972-05-15,326.9325814828683
1972-06-15,327.02679999977073
1972-07-15,327.1213393235072
1972-08-15,327.2161982370668
1972-09-15,327.31137525096096
1972-10-15,327.40686887570126
1972-11-15,327.50267762179897
1972-12-15,327.5987999997656
1973-01-15,327.6952343482344
1973-02-15,327.7919783183258
1973-03-15,327.8890293892819
1973-04-15,327.98638504034494
1973-05-15,328.08404275075713
1973-06-15,328.1819999997607
1973-07-15,328.2802552265885
1973-08-15,328.3788107104363
1973-09-15,328.4776696904905
1973-10-15,328.5768354059375
1973-11-15,328.67631109596374
1973-12-15,328.7760999997556
1974-01-15,328.8762044661928
1974-02-15,328.9766232829275
1974-03-15,329.0773543473052
1974-04-15,329.1783955566713
1974-05-15,329.2797448083713
1974-06-15,329.38139999975056
1974-07-15,329.4833597775393
1974-08-15,329.5856257860068
1974-09-15,329.68820041880707
1974-10-15,329.7910860695943
1974-11-15,329.8942851320224
1974-12-15,329.9977999997454
1975-01-15,330.10163281103706
1975-02-15,330.2057846826494
1975-03-15,330.31025647595413
1975-04-15,330.415049052323
1975-05-15,330.52016327312776
1975-06-15,330.62559999974013
1975-07-15,330.73135943974256
1975-08-15,330.8374391855613
1975-09-15,330.943836175833
1975-10-15,331.05054734919463
1975-11-15,331.15756964428294
1975-12-15,331.26489999973484
1976-01-15,331.37253637287245
1976-02-15,331.48048079575796
1976-03-15,331.58873631913895
1976-04-15,331.6973059937629
1976-05-15,331.80619287037723
1976-06-15,331.91539999972963
1976-07-15,332.024928863468
1976-08-15,332.1347746668428
1976-09-15,332.244931046005
1976-10-15,332.3553916371053
1976-11-15,332.46615007629487
1976-12-15,332.57719999972454
1977-01-15,332.68853613459106
1977-02-15,332.8001575722752
1977-03-15,332.91206449520365
1977-04-15,333.0242570858027
1977-05-15,333.13673552649925
1977-06-15,333.2494999997197
1977-07-15,333.36254974465817
1977-08-15,333.4758802275789
1977-09-15,333.5894859715133
1977-10-15,333.70336149949304
1977-11-15,333.8175013345497
1977-12-15,333.93189999971503
1978-01-15,334.0465523850896
1978-02-15,334.1614548490514
1978-03-15,334.2766041170474
1978-04-15,334.39199691452455
1978-05-15,334.5076299669299
1978-06-15,334.62349999971076
1978-07-15,334.7396036762323
1978-08-15,334.85593741153434
1978-09-15,334.97249755857473
1978-10-15,335.0892804703116
1978-11-15,335.206282499703
1978-12-15,335.3234999997068
1979-01-15,335.44092920453795
1979-02-15,335.5585658734382
1979-03-15,335.67640564690635
1979-04-15,335.7944441654408
1979-05-15,335.9126770695402
1979-06-15,336.03109999970314
1979-07-15,336.1497086705198
1979-08-15,336.26849909294606
1979-09-15,336.38746735202966
1979-10-15,336.5066095328181
1979-11-15,336.62592172035903
1979-12-15,336.74539999969994
1980-01-15,336.86504027826555
1980-02-15,336.9848377529899
1980-03-15,337.1047874431841
1980-04-15,337.2248843681592
1980-05-15,337.34512354722654
1980-06-15,337.46549999969704
1980-07-15,337.5860093812814
1980-08-15,337.70664989328804
1980-09-15,337.82742037342473
1980-10-15,337.94831965939943
1980-11-15,338.06934658892004
1980-12-15,338.19049999969434
1981-01-15,338.3117782133071
1981-02-15,338.4331774868499
1981-03-15,338.5546935612913
1981-04-15,338.6763221775998
1981-05-15,338.79805907674387
1981-06-15,338.91989999969195
1981-07-15,339.0418411895802
1981-08-15,339.16388089821476
1981-09-15,339.2860178795694
1981-10-15,339.40825088761756
1981-11-15,339.53057867633316
1981-12-15,339.65299999968994
1982-01-15,339.7755135080035
1982-02-15,339.89811743695736
1982-03-15,340.02080991857724
1982-04-15,340.1435890848886
1982-05-15,340.2664530679169
1982-06-15,340.38939999968795
1982-07-15,340.5124279246916
1982-08-15,340.63553453727656
1982-09-15,340.75871744425547
1982-10-15,340.8819742524414
1982-11-15,341.0053025686473
1982-12-15,341.1286999996861
1983-01-15,341.25216414320755
1983-02-15,341.3756925602087
1983-03-15,341.4992828025231
1983-04-15,341.62293242198473
1983-05-15,341.7466389704273
1983-06-15,341.87039999968454
1983-07-15,341.9942131857785
1983-08-15,342.118076701484
1983-09-15,342.24198884376403
1983-10-15,342.36594790958196
1983-11-15,342.48995219590057
1983-12-15,342.6139999996831
1984-01-15,342.73808959326595
1984-02-15,342.8622191504785
1984-03-15,342.9863868205236
1984-04-15,343.1105907526041
1984-05-15,343.2348290959226
1984-06-15,343.359099999682
1984-07-15,343.4834015874036
1984-08-15,343.6077318798835
1984-09-15,343.73208887223655
1984-10-15,343.85647055957736
1984-11-15,343.98087493702053
1984-12-15,344.1052999996809
1985-01-15,344.2297438700252
1985-02-15,344.3542051799286
1985-03-15,344.4786826886185
1985-04-15,344.6031751553221
1985-05-15,344.72768133926684
1985-06-15,344.8521999996799
1985-07-15,344.9767298750246
1985-08-15,345.1012696207077
1985-09-15,345.22581787137193
1985-10-15,345.3503732616601
1985-11-15,345.4749344262149
1985-12-15,345.5994999996791
1986-01-15,345.7240685723998
1986-02-15,345.84863855754094
1986-03-15,345.97320832397105
1986-04-15,346.0977762405584
1986-05-15,346.2223406761715
1986-06-15,346.34689999967844
1986-07-15,346.47145231493204
1986-08-15,346.5959946657206
1986-09-15,346.72052383081683
1986-10-15,346.8450365889935
1986-11-15,346.96952971902294
1986-12-15,347.09399999967803
1987-01-15,347.21844438816504
1987-02-15,347.3428605554246
1987-03-15,347.4672463508312
1987-04-15,347.5915996237594
1987-05-15,347.71591822358346
1987-06-15,347.8401999996779
1987-07-15,347.96444281566147
1987-08-15,348.08864459213066
1987-09-15,348.2128032639261
1987-10-15,348.3369167658886
1987-11-15,348.46098303285896
1987-12-15,348.58499999967785
1988-01-15,348.70896536577504
1988-02-15,348.8328758889351
1988-03-15,348.9567280915318
1988-04-15,349.08051849593875
1988-05-15,349.2042436245297
1988-06-15,349.3278999996782
1988-07-15,349.45148507115823
1988-08-15,349.5749999983453
1988-09-15,349.698446868015
1988-10-15,349.82182776694333
1988-11-15,349.9451447819059
1988-12-15,350.0683999996786
1989-01-15,350.1915948106247
1989-02-15,350.3147278194576
1989-03-15,350.4377969344785
1989-04-15,350.56080006398827
1989-05-15,350.6837351162881
1989-06-15,350.80659999967895
1989-07-15,350.92939401774834
1989-08-15,351.05212205522986
1989-09-15,351.17479039214356
1989-10-15,351.2974053085096
1989-11-15,351.4199730843481
1989-12-15,351.5424999996791
1990-01-15,351.6649916164559
1990-02-15,351.7874506243639
1990-03-15,351.9098789950216
1990-04-15,352.0322787000477
1990-05-15,352.1546517110606
1990-06-15,352.2769999996788
1990-07-15,352.3993260885764
1990-08-15,352.5216347046481
1990-09-15,352.6439311258439
1990-10-15,352.76622063011416
1990-11-15,352.8885084954089
1990-12-15,353.01079999967834
1991-01-15,353.1331007865703
1991-02-15,353.2554179625234
1991-03-15,353.37775899967426
1991-04-15,353.5001313701592
1991-05-15,353.62254254611474
1991-06-15,353.74499999967713
1991-07-15,353.86751104098886
1991-08-15,353.99008233221474
1991-09-15,354.1127203735255
1991-10-15,354.23543166509205
1991-11-15,354.35822270708513
1991-12-15,354.48109999967534
1992-01-15,354.60407032531305
1992-02-15,354.72714159556585
1992-03-15,354.85032200428105
1992-04-15,354.9736197453058
1992-05-15,355.09704301248735
1992-06-15,355.2205999996728
1992-07-15,355.344298859512
1992-08-15,355.4681475798651
1992-09-15,355.59215410739466
1992-10-15,355.7163263887635
1992-11-15,355.8406723706342
1992-12-15,355.9651999996695
1993-01-15,356.08991710504233
1993-02-15,356.2148310459667
1993-03-15,356.339949064167
1993-04-15,356.46527840136736
1993-05-15,356.5908262992921
1993-06-15,356.7165999996655
1993-07-15,356.8426063294423
1993-08-15,356.96885045649884
1993-09-15,357.09533713394217
1993-10-15,357.222071114879
1993-11-15,357.34905715241626
1993-12-15,357.47629999966074
1994-01-15,357.6038043344356
1994-02-15,357.7315745334284
1994-03-15,357.859614898043
1994-04-15,357.9879297296832
1994-05-15,358.11652332975285
1994-06-15,358.2453999996557
1994-07-15,358.3745638307747
1994-08-15,358.50401807440863
1994-09-15,358.63376577183533
1994-10-15,358.7638099643326
1994-11-15,358.8941536931783
1994-12-15,359.0247999996503
1995-01-15,359.1557514515053
1995-02-15,359.2870087224159
1995-03-15,359.4185720125337
1995-04-15,359.55044152201003
1995-05-15,359.6826174509965
1995-06-15,359.8150999996446
1995-07-15,359.9478896203592
1995-08-15,360.0809877745586
1995-09-15,360.21439617591454
1995-10-15,360.34811653809874
1995-11-15,360.48215057478296
1995-12-15,360.61649999963885
1996-01-15,360.7511664538087
1996-02-15,360.88615128831697
1996-03-15,361.0214557816585
1996-04-15,361.1570812123284
1996-05-15,361.29302885882163
1996-06-15,361.42929999963303
1996-07-15,361.5658954881591
1996-08-15,361.70281447740234
1996-09-15,361.84005569526676
1996-10-15,361.97761786965634
1996-11-15,362.11549972847513
1996-12-15,362.25369999962703
1997-01-15,362.39221779505056
1997-02-15,362.53105376282264
1997-03-15,362.67020893505435
1997-04-15,362.80968434385716
1997-05-15,362.9494810213423
1997-06-15,363.0895999996211
1997-07-15,363.2300416627281
1997-08-15,363.37080380239087
1997-09-15,363.5118835622601
1997-10-15,363.65327808598676
1997-11-15,363.79498451722156
1997-12-15,363.93699999961524
1998-01-15,364.07932157027625
1998-02-15,364.22194584014363
1998-03-15,364.364869313614
1998-04-15,364.50808849508405
1998-05-15,364.65159988895033
1998-06-15,364.7953999996096
1998-07-15,364.93948594274167
1998-08-15,365.08385727915925
1998-09-15,365.22851418095837
1998-10-15,365.373456820235
1998-11-15,365.5186853690849
1998-12-15,365.6641999996042
1999-01-15,365.81000039715013
1999-02-15,365.9560843001253
1999-03-15,366.10244896019384
1999-04-15,366.2490916290195
1999-05-15,366.3960095582666
1999-06-15,366.5431999995988
1999-07-15,366.69066107738877
1999-08-15,366.8383944068427
1999-09-15,366.98640247587537
1999-10-15,367.13468777240155
1999-11-15,367.28325278433596
1999-12-15,367.43209999959345
2000-01-15,367.5812312168084
2000-02-15,367.7306454774936
2000-03-15,367.88034113388176
2000-04-15,368.03031653820517
2000-05-15,368.18057004269644
2000-06-15,368.33109999958805
2000-07-15,368.4819052566367
2000-08-15,368.6329866436957
2000-09-15,368.78434548614234
2000-10-15,368.9359831093541
2000-11-15,369.0879008387083
2000-12-15,369.2400999995827
2001-01-15,369.39258155046406
2001-02-15,369.54534498227844
2001-03-15,369.69838941906136
2001-04-15,369.8517139848484
2001-05-15,370.00531780367515
2001-06-15,370.15919999957725
2001-07-15,370.31335974270127
2001-08-15,370.4677963876387
2001-09-15,370.62250933509193
2001-10-15,370.77749798576355
2001-11-15,370.93276174035606
2001-12-15,371.08829999957186
2002-01-15,371.24411188359625
2002-02-15,371.4001953905453
2002-03-15,371.5565482380181
2002-04-15,371.7131681436133
2002-05-15,371.87005282492976
2002-06-15,372.0271999995666
2002-07-15,372.1846070721915
2002-08-15,372.3422701957486
2002-09-15,372.50018521025106
2002-10-15,372.6583479557119
2002-11-15,372.81675427214446
2002-12-15,372.9753999995616
2003-01-15,373.1342815842917
2003-02-15,373.29339789792385
2003-03-15,373.4527484183622
2003-04-15,373.61233262351107
2003-05-15,373.77214999127455
2003-06-15,373.9321999995569
2003-07-15,374.09248186578446
2003-08-15,374.2529937654718
2003-09-15,374.41373361365555
2003-10-15,374.5746993253724
2003-11-15,374.7358888156591
2003-12-15,374.8972999995522
2004-01-15,375.05893076472194
2004-02-15,375.2207788893728
2004-03-15,375.3828421243428
2004-04-15,375.54511822047
2004-05-15,375.7076049285923
2004-06-15,375.8702999995478
2004-07-15,376.03320155411825
2004-08-15,376.1963091928599
2004-09-15,376.3596228862732
2004-10-15,376.5231426048581
2004-11-15,376.6868683191148
2004-12-15,376.8507999995434
2005-01-15,377.0149375531248
2005-02-15,377.1792806327619
2005-03-15,377.3438288278383
2005-04-15,377.5085817277375
2005-05-15,377.6735389218433
2005-06-15,377.83869999953913
2005-07-15,378.00406443434275
2005-08-15,378.1696312363078
2005-09-15,378.33539929962177
2005-10-15,378.5013675184726
2005-11-15,378.66753478704766
2005-12-15,378.83389999953494
2006-01-15,379.0004625771053
2006-02-15,379.1672240488632
2006-03-15,379.33418647089684
2006-04-15,379.501351899294
2006-05-15,379.66872239014253
2006-06-15,379.83629999953064
2006-07-15,380.00408664333025
2006-08-15,380.1720836765512
2006-09-15,380.34029231398733
2006-10-15,380.50871377043256
2006-11-15,380.6773492606809
2006-12-15,380.8461999995261
2007-01-15,381.0152672356415
2007-02-15,381.1845523532175
2007-03-15,381.3540567703238
2007-04-15,381.52378190503003
2007-05-15,381.693729175406
2007-06-15,381.8638999995215
2007-07-15,382.03429626310736
2007-08-15,382.20492172254086
2007-09-15,382.37578060186013
2007-10-15,382.54687712510355
2007-11-15,382.71821551630956
2007-12-15,382.88979999951647
2008-01-15,383.06163428312647
2008-02-15,383.23372001299697
2008-03-15,383.4060583193495
2008-04-15,383.57865033240506
2008-05-15,383.75149718238526
2008-06-15,383.92459999951126
2008-07-15,384.0979605829617
2008-08-15,384.27158340774463
2008-09-15,384.4454736178252
2008-10-15,384.6196363571687
2008-11-15,384.7940767697404
2008-12-15,384.9687999995056
2009-01-15,385.14381041912543
2009-02-15,385.31910931604386
2009-03-15,385.49469720640064
2009-04-15,385.67057460633566
2009-05-15,385.84674203198875
2009-06-15,386.0231999994998
2009-07-15,386.19994958941635
2009-08-15,386.3769941399171
2009-09-15,386.5543375535887
2009-10-15,386.73198373301756
2009-11-15,386.90993658079043
2009-12-15,387.0881999994937
2010-01-15,387.26677733131294
2010-02-15,387.4456696768299
2010-03-15,387.6248775762252
2010-04-15,387.8044015696793
2010-05-15,387.98424219737325
2010-06-15,388.16439999948733
2010-07-15,388.3448758045096
2010-08-15,388.5256715941571
2010-09-15,388.70678963845376
2010-10-15,388.8882322074238
2010-11-15,389.07000157109144
2010-12-15,389.25209999948083
2011-01-15,389.43452963275104
2011-02-15,389.617292091601
2011-03-15,389.8003888668644
2011-04-15,389.9838214493752
2011-05-15,390.1675913299672
2011-06-15,390.3516999994741
2011-07-15,390.5361482539568
2011-08-15,390.7209341103846
2011-09-15,390.9060548909533
2011-10-15,391.09150791785925
2011-11-15,391.27729051329857
2011-12-15,391.46339999946736
2012-01-15,391.6498342927037
2012-02-15,391.83659368591407
2012-03-15,392.0236790661466
2012-04-15,392.21109132044967
2012-05-15,392.39883133587165
2012-06-15,392.5868999994608
2012-07-15,392.7752974423961
2012-08-15,392.9640207723798
2012-09-15,393.1530663412446
2012-10-15,393.3424305008234
2012-11-15,393.532109602949
2012-12-15,393.7220999994542
2013-01-15,393.91239815669206
2013-02-15,394.103000999096
2013-03-15,394.2939055656199
2013-04-15,394.48510889521737
2013-05-15,394.6766080268422
2013-06-15,394.86839999944806
2013-07-15,395.06048168681434
2013-08-15,395.25284930202326
2013-09-15,395.44549889298264
2013-10-15,395.63842650760034
2013-11-15,395.83162819378424
2013-12-15,396.0250999994422
2014-01-15,396.21883805569615
2014-02-15,396.4128388265246
2014-03-15,396.60709885912024
2014-04-15,396.80161470067566
2014-05-15,396.9963828983836
2014-06-15,397.1913999994367
2014-07-15,397.3866623833452
2014-08-15,397.5821657588909
2014-09-15,397.77790566717294
2014-10-15,397.9738776492909
2014-11-15,398.17007724634396
2014-12-15,398.36649999943154
2015-01-15,398.5631415742048
2015-02-15,398.7599981345218
2015-03-15,398.95706596879256
2015-04-15,399.1543413654271
2015-05-15,399.35182061283524
2015-06-15,399.5494999994269
2015-07-15,399.74737502012437
2015-08-15,399.9454379958985
2015-09-15,400.1436804542322
2015-10-15,400.3420939226088
2015-11-15,400.5406699285113
2015-12-15,400.73939999942286
2016-01-15,400.9382763974111
2016-02-15,401.13729432288244
2016-03-15,401.33644971082794
2016-04-15,401.5357384962386
2016-05-15,401.7351566141054
2016-06-15,401.9346999994194
2016-07-15,402.13436429417277
2016-08-15,402.3341439683617
2016-09-15,402.5340331989832
2016-10-15,402.73402616303474
2016-11-15,402.9341170375134
2016-12-15,403.13429999941656
2017-01-15,403.33456966315254
2017-02-15,403.5349223927746
2017-03-15,403.7353549897473
2017-04-15,403.93586425553514
2017-05-15,404.1364469916026
2017-06-15,404.33709999941414
2017-07-15,404.5378200126773
2017-08-15,404.7386034940717
2017-09-15,404.93944683851976
2017-10-15,405.14034644094414
2017-11-15,405.34129869626736
2017-12-15,405.542299999412
2018-01-15,405.7433465789174
2018-02-15,405.94443399778976
2018-03-15,406.14555765265214
2018-04-15,406.3467129401277
2018-05-15,406.5478952568394
2018-06-15,406.7490999994104
2018-07-15,406.9503232977535
2018-08-15,407.151564214942
2018-09-15,407.35282254733875
2018-10-15,407.5540980913068
2018-11-15,407.75539064320924
2018-12-15,407.956699999409
2019-01-15,408.1580250413443
2019-02-15,408.35936099075366
2019-03-15,408.56070215445095
2019-04-15,408.76204283924994
2019-05-15,408.96337735196425
2019-06-15,409.16469999940784
2019-07-15,409.366006162952
2019-08-15,409.5672955221987
2019-09-15,409.7685688313079
2019-10-15,409.9698268444392
2019-11-15,410.1710703157523
2019-12-15,410.37229999940706
2020-01-15,410.57351604403516
2020-02-15,410.7747161761563
2020-03-15,410.97589751676225
2020-04-15,411.17705718684476
2020-05-15,411.3781923073955
2020-06-15,411.5792999994063
2020-07-15,411.78037826846014
2020-08-15,411.98142865850576
2020-09-15,412.18245359808304
2020-10-15,412.38345551573207
2020-11-15,412.584436839993
2020-12-15,412.78539999940557
2021-01-15,412.98634680448737
2021-02-15,413.18727659366476
2021-03-15,413.3881880873414
2021-04-15,413.58908000592123
2021-05-15,413.7899510698078
2021-06-15,413.9907999994049
2021-07-15,414.19162617668985
2021-08-15,414.39243162993404
2021-09-15,414.5932190489826
2021-10-15,414.79399112368037
2021-11-15,414.99475054387256
2021-12-15,415.19549999940403
2022-01-15,415.3962415407373
2022-02-15,415.59697466080445
2022-03-15,415.79769821315506
2022-04-15,415.9984110513386
2022-05-15,416.19911202890484
2022-06-15,416.39979999940317
2022-07-15,416.60047432345107
2022-08-15,416.8011363899374
2022-09-15,417.0017880948189
2022-10-15,417.20243133405245
2022-11-15,417.40306800359457
2022-12-15,417.6036999994022
2023-01-15,417.80432921743204
2023-02-15,418.0049575536409
2023-03-15,418.2055869039855
2023-04-15,418.4062191644225
2023-05-15,418.6068562309088
